image_id,original_path,source,original_label,duplicate_group,image_scope,split,blemishes,dark_spots,redness,visible_pores,fine_lines,review_priority,quality_status,review_concern
003ed47acf2c597b,/Users/aryanmalla/PycharmProjects/Skin-Care-AI/dataset_sources/extracted/facial_skin_concerns/dataset/pigmentation/pig3_0_5845_jpeg.rf.2055a7e5ecb6c0f2eaf7beec968828f9.jpg,facial_skin_concerns,pigmentation,715d099862889c65cfd3440a079993a80d4c183f01ef175b00cb8f7ea7cf88ed,facial_closeup,train,-1,-1,-1,-1,-1,3,Existing training image; judge each concern independently,"Review unknown dark spots, redness, and pores; unknown is valid if not visible"
004b097771531ae6,/Users/aryanmalla/PycharmProjects/Skin-Care-AI/dataset_sources/extracted/facial_skin_concerns/dataset/wrinkles/wrinkles124.png,facial_skin_concerns,wrinkles,dup_03391,facial_closeup,train,-1,-1,-1,-1,1,3,Existing training image; judge each concern independently,"Review unknown dark spots, redness, and pores; unknown is valid if not visible"
00d11dace9c302fd,/Users/aryanmalla/PycharmProjects/Skin-Care-AI/dataset_sources/extracted/facial_skin_concerns/dataset/wrinkles/360_jpg.rf.938924a28a5664d28b947f5f59058645.jpg,facial_skin_concerns,wrinkles,dup_04065,facial_closeup,train,-1,-1,-1,-1,1,3,Existing training image; judge each concern independently,"Review unknown dark spots, redness, and pores; unknown is valid if not visible"
01851fde46bf9ae1,/Users/aryanmalla/PycharmProjects/Skin-Care-AI/dataset_sources/extracted/facial_skin_concerns/dataset/dark spots/77251e7e-eaf9-493b-b4cd-a261ca6b1a14_jpg.rf.275e39dd5fff6d232470bc2257bcb3ba.jpg,facial_skin_concerns,dark spots,dup_00546,facial_closeup,train,-1,-1,-1,-1,-1,3,Existing training image; judge each concern independently,"Review unknown dark spots, redness, and pores; unknown is valid if not visible"
057cf8791093e460,/Users/aryanmalla/PycharmProjects/Skin-Care-AI/dataset_sources/extracted/facial_skin_concerns/dataset/wrinkles/ds00890-sn7_wrinklesthu_jpg_jpg.rf.b084367cf1b03eba6e70cbce8a9449f3.jpg,facial_skin_concerns,wrinkles,dup_00062,facial_closeup,train,-1,-1,-1,-1,0,3,Existing training image; judge each concern independently,"Review unknown dark spots, redness, and pores; unknown is valid if not visible"
0597b235a9afce8d,/Users/aryanmalla/PycharmProjects/Skin-Care-AI/dataset/Conditions/Rosacea/rosacea-0016__ProtectWyJQcm90ZWN0Il0_FocusFillWzI5NCwyMjIsIngiLDFd.jpeg,existing_conditions,Rosacea,a1c958509612b953c8cb5c72c36fed15f3a8924d2fe36b848cff4c79f76ba246,facial_closeup,train,-1,-1,-1,-1,-1,3,Existing training image; judge each concern independently,"Review unknown dark spots, redness, and pores; unknown is valid if not visible"
081ffa9b4ae3d5fc,/Users/aryanmalla/PycharmProjects/Skin-Care-AI/dataset/Conditions/Dark Spot/c5b6cdc7-5654-47d8-87c1-79ac0ba4daba.jpg,existing_conditions,Dark Spot,dup_00016,facial_closeup,train,-1,-1,-1,-1,-1,3,Existing training image; judge each concern independently,"Review unknown dark spots, redness, and pores; unknown is valid if not visible"
0872e1c65d2217df,/Users/aryanmalla/PycharmProjects/Skin-Care-AI/dataset_sources/extracted/facial_skin_concerns/dataset/wrinkles/76_jpg.rf.ad1e31a8b8a3dbd7e3f67e06e8eadca5.jpg,facial_skin_concerns,wrinkles,dup_04167,facial_closeup,train,-1,-1,-1,-1,1,3,Existing training image; judge each concern independently,"Review unknown dark spots, redness, and pores; unknown is valid if not visible"
09a6843733de5386,/Users/aryanmalla/PycharmProjects/Skin-Care-AI/dataset_sources/extracted/facial_skin_concerns/dataset/dark spots/melasma3_jpg.rf.b8e75255b40af6b793e2edf045a8f62d.jpg,facial_skin_concerns,dark spots,dup_00094,facial_closeup,train,-1,-1,-1,-1,-1,3,Existing training image; judge each concern independently,"Review unknown dark spots, redness, and pores; unknown is valid if not visible"
09bb1c2629ff3b91,/Users/aryanmalla/PycharmProjects/Skin-Care-AI/dataset_sources/extracted/facial_skin_concerns/dataset/Redness/various_selfie-skin-with-many-pores_03f7e09badf3674be190_jpg.rf.5ab55c2b95be7feb2d58b5538d3d3989.jpg,facial_skin_concerns,Redness,6e94cc9746949699c5349df48b763408b4f35a6ba83c077d18c715b293c15605,facial_closeup,train,-1,-1,-1,-1,-1,3,Existing training image; judge each concern independently,"Review unknown dark spots, redness, and pores; unknown is valid if not visible"
0ad2c23d0204103a,/Users/aryanmalla/PycharmProjects/Skin-Care-AI/dataset_sources/extracted/facial_skin_concerns/dataset/wrinkles/wrinkles55.png,facial_skin_concerns,wrinkles,5e7781637263d93216a95f0fdd4ab9282dacc778aed362a46745acae57b563f6,facial_closeup,train,-1,-1,-1,-1,1,3,Existing training image; judge each concern independently,"Review unknown dark spots, redness, and pores; unknown is valid if not visible"
0b2c01acf7350735,/Users/aryanmalla/PycharmProjects/Skin-Care-AI/dataset/Conditions/Rosacea/Rosacea_48.jpg,existing_conditions,Rosacea,0d812adc6e747de2806f8b630756943266c852bc0dba9123638a4552cfbee0ee,facial_closeup,train,-1,-1,-1,-1,-1,3,Existing training image; judge each concern independently,"Review unknown dark spots, redness, and pores; unknown is valid if not visible"
0b59a055d0fe99da,/Users/aryanmalla/PycharmProjects/Skin-Care-AI/dataset_sources/extracted/facial_skin_concerns/dataset/wrinkles/587c120e4f34f605445d3100b462decb_jpg.rf.21c29607b17522ef8362fd0d3e1591ea.jpg,facial_skin_concerns,wrinkles,dup_04116,facial_closeup,train,-1,-1,-1,-1,1,3,Existing training image; judge each concern independently,"Review unknown dark spots, redness, and pores; unknown is valid if not visible"
0bd8d0dbcdca7d31,/Users/aryanmalla/PycharmProjects/Skin-Care-AI/dataset_sources/extracted/facial_skin_concerns/dataset/wrinkles/261_jpg.rf.782e7267e4723ec86179ef01793984b0.jpg,facial_skin_concerns,wrinkles,dup_00105,facial_closeup,train,-1,-1,-1,-1,1,3,Existing training image; judge each concern independently,"Review unknown dark spots, redness, and pores; unknown is valid if not visible"
0c06539730734e2b,/Users/aryanmalla/PycharmProjects/Skin-Care-AI/dataset_sources/extracted/facial_skin_concerns/dataset/pigmentation/5_0_2669_jpeg.rf.8526e6cacd566b4fdc93356962a9c207.jpg,facial_skin_concerns,pigmentation,4a393235b2fd86b9fc59e73105a586e220b61b89fcb8910a42d8c1357a16f234,full_face,train,-1,-1,-1,-1,-1,3,Existing training image; judge each concern independently,"Review unknown dark spots, redness, and pores; unknown is valid if not visible"
0c581e76f2834ea5,/Users/aryanmalla/PycharmProjects/Skin-Care-AI/dataset_sources/extracted/facial_skin_concerns/dataset/wrinkles/26183_png_jpg.rf.117ee8820ab6302ce8c289c324562f5a.jpg,facial_skin_concerns,wrinkles,dup_04027,facial_closeup,train,-1,-1,-1,-1,1,3,Existing training image; judge each concern independently,"Review unknown dark spots, redness, and pores; unknown is valid if not visible"
0f43fd3e13b91b05,/Users/aryanmalla/PycharmProjects/Skin-Care-AI/dataset/Conditions/Dark Spot/46.jpg,existing_conditions,Dark Spot,dup_02114,full_face,train,-1,-1,-1,-1,-1,3,Existing training image; judge each concern independently,"Review unknown dark spots, redness, and pores; unknown is valid if not visible"
0fe69fd6758cdf31,/Users/aryanmalla/PycharmProjects/Skin-Care-AI/dataset_sources/extracted/facial_skin_concerns/dataset/wrinkles/wrinkle183.png,facial_skin_concerns,wrinkles,dup_00525,facial_closeup,train,-1,-1,-1,-1,1,3,Existing training image; judge each concern independently,"Review unknown dark spots, redness, and pores; unknown is valid if not visible"
1030b16869dc78f3,/Users/aryanmalla/PycharmProjects/Skin-Care-AI/dataset_sources/extracted/facial_skin_concerns/dataset/wrinkles/70_jpg.rf.6bab7d5e8df33a218dabc6ecbd66a699.jpg,facial_skin_concerns,wrinkles,dup_04156,full_face,train,-1,-1,-1,-1,1,3,Existing training image; judge each concern independently,"Review unknown dark spots, redness, and pores; unknown is valid if not visible"
13437063b565a454,/Users/aryanmalla/PycharmProjects/Skin-Care-AI/dataset_sources/extracted/facial_skin_concerns/dataset/Redness/seed0573_png.rf.a7b4ebb7017340dd6c0bbb696691d0e5.jpg,facial_skin_concerns,Redness,2438d95ad0e4a0a6cca22242a8f5538f3fd55f618ad7e70deac7762087e4dc78,facial_closeup,train,1,-1,-1,-1,-1,3,Existing training image; judge each concern independently,"Review unknown dark spots, redness, and pores; unknown is valid if not visible"
141111a9150872be,/Users/aryanmalla/PycharmProjects/Skin-Care-AI/dataset_sources/extracted/facial_skin_concerns/dataset/pores/31_PNG_jpg.rf.38dfdc826b673bdf00f36b3edcad9e50.jpg,facial_skin_concerns,pores,dup_01245,facial_closeup,train,-1,-1,-1,-1,-1,3,Existing training image; judge each concern independently,"Review unknown dark spots, redness, and pores; unknown is valid if not visible"
145bf146aed6dd61,/Users/aryanmalla/PycharmProjects/Skin-Care-AI/dataset_sources/extracted/facial_skin_concerns/dataset/wrinkles/20787_png_jpg.rf.d26d48746dc648b210dfd6557dfec28d.jpg,facial_skin_concerns,wrinkles,dup_04019,facial_closeup,train,-1,-1,-1,-1,1,3,Existing training image; judge each concern independently,"Review unknown dark spots, redness, and pores; unknown is valid if not visible"
15934600751eabd6,/Users/aryanmalla/PycharmProjects/Skin-Care-AI/dataset_sources/extracted/facial_skin_concerns/dataset/pores/51_PNG_jpg.rf.0dfb842a60a0e337141ca6f0a2b20f71.jpg,facial_skin_concerns,pores,dup_00649,facial_closeup,train,-1,-1,-1,-1,-1,3,Existing training image; judge each concern independently,"Review unknown dark spots, redness, and pores; unknown is valid if not visible"
17091b58faa54732,/Users/aryanmalla/PycharmProjects/Skin-Care-AI/dataset/Conditions/Dark Spot/75.jpg,existing_conditions,Dark Spot,dup_00116,full_face,train,-1,-1,-1,-1,-1,3,Existing training image; judge each concern independently,"Review unknown dark spots, redness, and pores; unknown is valid if not visible"
171cf83f326b1799,/Users/aryanmalla/PycharmProjects/Skin-Care-AI/dataset_sources/extracted/facial_skin_concerns/dataset/wrinkles/wrinkles110.png,facial_skin_concerns,wrinkles,dup_00195,facial_closeup,train,-1,-1,-1,-1,1,3,Existing training image; judge each concern independently,"Review unknown dark spots, redness, and pores; unknown is valid if not visible"
18305d14da55bc3c,/Users/aryanmalla/PycharmProjects/Skin-Care-AI/dataset_sources/extracted/facial_skin_concerns/dataset/wrinkles/6_jpg.rf.33280e96d781664cb7e6461d774bb5a5.jpg,facial_skin_concerns,wrinkles,dup_00241,facial_closeup,train,-1,-1,-1,-1,-1,3,Existing training image; judge each concern independently,"Review unknown dark spots, redness, and pores; unknown is valid if not visible"
1946d0d281ff3029,/Users/aryanmalla/PycharmProjects/Skin-Care-AI/dataset_sources/extracted/facial_skin_concerns/dataset/wrinkles/wrinkles148.png,facial_skin_concerns,wrinkles,1eebd1f071e14daab28150de2bd10e8b70436fb44f7bca51036215532bec9389,facial_closeup,train,-1,-1,-1,-1,1,3,Existing training image; judge each concern independently,"Review unknown dark spots, redness, and pores; unknown is valid if not visible"
1ac3f1d98e7854b6,/Users/aryanmalla/PycharmProjects/Skin-Care-AI/dataset_sources/extracted/facial_skin_concerns/dataset/Redness/combination_-_8cb7d464df2c970e85aa_jpg.rf.ed12d7d872db3694278653882d21b087.jpg,facial_skin_concerns,Redness,dup_00201,facial_closeup,train,-1,-1,-1,-1,-1,3,Existing training image; judge each concern independently,"Review unknown dark spots, redness, and pores; unknown is valid if not visible"
1b376de7b4cea67a,/Users/aryanmalla/PycharmProjects/Skin-Care-AI/dataset/Conditions/Rosacea/3624__ProtectWyJQcm90ZWN0Il0_FocusFillWzI5NCwyMjIsIngiLDFd.jpeg,existing_conditions,Rosacea,60571440da6d664c5a0659c4dd37613ee1e0e2e1ef33af6d7b1136ec60af1041,facial_closeup,train,-1,-1,-1,-1,-1,3,Existing training image; judge each concern independently,"Review unknown dark spots, redness, and pores; unknown is valid if not visible"
1bffd244d5979894,/Users/aryanmalla/PycharmProjects/Skin-Care-AI/dataset_sources/extracted/facial_skin_concerns/dataset/wrinkles/52_jpg.rf.1f1de4e63b68a5d7f60893d5aa61d2e4.jpg,facial_skin_concerns,wrinkles,dup_00349,full_face,train,-1,-1,-1,-1,1,3,Existing training image; judge each concern independently,"Review unknown dark spots, redness, and pores; unknown is valid if not visible"
1d9c22abe9448882,/Users/aryanmalla/PycharmProjects/Skin-Care-AI/dataset_sources/extracted/facial_skin_concerns/dataset/wrinkles/GetFile_jpg.rf.610af7d5d994ab2cf59e1fc03bbdd84f.jpg,facial_skin_concerns,wrinkles,dup_04218,full_face,train,-1,-1,-1,-1,-1,3,Existing training image; judge each concern independently,"Review unknown dark spots, redness, and pores; unknown is valid if not visible"
20931868ab56a9c8,/Users/aryanmalla/PycharmProjects/Skin-Care-AI/dataset_sources/extracted/facial_skin_concerns/dataset/dark spots/67_jpg.rf.04a2f29453b5f21468673a79e1d9def6.jpg,facial_skin_concerns,dark spots,dup_00017,facial_closeup,train,-1,-1,-1,-1,-1,3,Existing training image; judge each concern independently,"Review unknown dark spots, redness, and pores; unknown is valid if not visible"
23ba2b5939d4e2b4,/Users/aryanmalla/PycharmProjects/Skin-Care-AI/dataset_sources/extracted/facial_skin_concerns/dataset/wrinkles/86_jpg.rf.ad041da117196c1e4925fc45b8804b6a.jpg,facial_skin_concerns,wrinkles,dup_01328,full_face,train,-1,-1,-1,-1,1,3,Existing training image; judge each concern independently,"Review unknown dark spots, redness, and pores; unknown is valid if not visible"
2420d353d63e7c42,/Users/aryanmalla/PycharmProjects/Skin-Care-AI/dataset_sources/extracted/facial_skin_concerns/dataset/wrinkles/57_jpg.rf.c3b14c7fc09536e37853bf81de55f93f.jpg,facial_skin_concerns,wrinkles,dup_04113,facial_closeup,train,-1,-1,-1,-1,1,3,Existing training image; judge each concern independently,"Review unknown dark spots, redness, and pores; unknown is valid if not visible"
2448d8af0cf2e7d0,/Users/aryanmalla/PycharmProjects/Skin-Care-AI/dataset_sources/extracted/facial_skin_concerns/dataset/wrinkles/27994_png_jpg.rf.4b66106a72822f585bcd5ff7c93a0fc6.jpg,facial_skin_concerns,wrinkles,dup_04043,facial_closeup,train,-1,-1,-1,-1,1,3,Existing training image; judge each concern independently,"Review unknown dark spots, redness, and pores; unknown is valid if not visible"
26b1e8c86f56bf93,/Users/aryanmalla/PycharmProjects/Skin-Care-AI/dataset/Conditions/Rosacea/Rosacea_246.jpg,existing_conditions,Rosacea,0ae31e80f111629b29b8ef4694ea108fbdc03c35379a009e6c3c9b5230361c63,facial_closeup,train,-1,-1,-1,-1,-1,3,Existing training image; judge each concern independently,"Review unknown dark spots, redness, and pores; unknown is valid if not visible"
278cd25fb0e6b714,/Users/aryanmalla/PycharmProjects/Skin-Care-AI/dataset_sources/extracted/facial_skin_concerns/dataset/wrinkles/wrinkle177.png,facial_skin_concerns,wrinkles,2d98fc2b3571f17dbe6aa7ad4a3876dbb2375aafb1279589120e1168a4e538d3,facial_closeup,train,-1,-1,-1,-1,1,3,Existing training image; judge each concern independently,"Review unknown dark spots, redness, and pores; unknown is valid if not visible"
28968516cf67fd77,/Users/aryanmalla/PycharmProjects/Skin-Care-AI/dataset_sources/extracted/facial_skin_concerns/dataset/wrinkles/54_jpg.rf.c783764b238796cfcffe613b79c5bbf8.jpg,facial_skin_concerns,wrinkles,dup_00683,full_face,train,-1,-1,-1,-1,1,3,Existing training image; judge each concern independently,"Review unknown dark spots, redness, and pores; unknown is valid if not visible"
28e4112482dc4591,/Users/aryanmalla/PycharmProjects/Skin-Care-AI/dataset_sources/extracted/facial_skin_concerns/dataset/wrinkles/wrinkles3.png,facial_skin_concerns,wrinkles,dup_00022,facial_closeup,train,-1,-1,-1,-1,1,3,Existing training image; judge each concern independently,"Review unknown dark spots, redness, and pores; unknown is valid if not visible"
2c376bb019b61b8b,/Users/aryanmalla/PycharmProjects/Skin-Care-AI/dataset_sources/extracted/facial_skin_concerns/dataset/wrinkles/wrinkles95.png,facial_skin_concerns,wrinkles,bded34a480b2db14b0d94bf3b616e18f0bc6a1563a0cfda35fbcbc6b253c4312,full_face,train,-1,-1,-1,-1,1,3,Existing training image; judge each concern independently,"Review unknown dark spots, redness, and pores; unknown is valid if not visible"
2c9b0e738f2407db,/Users/aryanmalla/PycharmProjects/Skin-Care-AI/dataset_sources/extracted/facial_skin_concerns/dataset/wrinkles/27_jpg.rf.61b0970aa6aaf178d31e77dbd0b14dce.jpg,facial_skin_concerns,wrinkles,dup_00022,facial_closeup,train,-1,-1,-1,-1,1,3,Existing training image; judge each concern independently,"Review unknown dark spots, redness, and pores; unknown is valid if not visible"
2cf5881b19498aab,/Users/aryanmalla/PycharmProjects/Skin-Care-AI/dataset_sources/extracted/facial_skin_concerns/dataset/wrinkles/wrinkles115.png,facial_skin_concerns,wrinkles,1c416d802007893e689d6588f1f046739d4e86ec4c7985b4c13aa8a3ace414e7,facial_closeup,train,-1,-1,-1,-1,1,3,Existing training image; judge each concern independently,"Review unknown dark spots, redness, and pores; unknown is valid if not visible"
2f42b46d0ed6039b,/Users/aryanmalla/PycharmProjects/Skin-Care-AI/dataset_sources/extracted/facial_skin_concerns/dataset/wrinkles/80_jpg.rf.ddba0a72eb349dbd6a544d4df30d49d9.jpg,facial_skin_concerns,wrinkles,dup_04175,facial_closeup,train,-1,-1,-1,-1,1,3,Existing training image; judge each concern independently,"Review unknown dark spots, redness, and pores; unknown is valid if not visible"
2ff09b227394a0a2,/Users/aryanmalla/PycharmProjects/Skin-Care-AI/dataset_sources/extracted/facial_skin_concerns/dataset/dark spots/melasma58_png_jpg.rf.8c0e1cd5fe593d47f630984fa45fd6ae.jpg,facial_skin_concerns,dark spots,dup_00563,full_face,train,-1,-1,-1,-1,-1,3,Existing training image; judge each concern independently,"Review unknown dark spots, redness, and pores; unknown is valid if not visible"
300058cb6833a22f,/Users/aryanmalla/PycharmProjects/Skin-Care-AI/dataset_sources/extracted/facial_skin_concerns/dataset/wrinkles/wrinkles20.png,facial_skin_concerns,wrinkles,dup_00699,facial_closeup,train,-1,-1,-1,-1,1,3,Existing training image; judge each concern independently,"Review unknown dark spots, redness, and pores; unknown is valid if not visible"
30bf6d1eb8e19232,/Users/aryanmalla/PycharmProjects/Skin-Care-AI/dataset/Conditions/Rosacea/3609__ProtectWyJQcm90ZWN0Il0_FocusFillWzI5NCwyMjIsIngiLDFd.jpeg,existing_conditions,Rosacea,2ea652ea7b7a4bb07c743ef672453a7212afcbac75d15af1e43e73d9c3765b0c,facial_closeup,train,-1,-1,-1,-1,-1,3,Existing training image; judge each concern independently,"Review unknown dark spots, redness, and pores; unknown is valid if not visible"
30d3fa730ef7ed17,/Users/aryanmalla/PycharmProjects/Skin-Care-AI/dataset_sources/extracted/facial_skin_concerns/dataset/Redness/seed0422_png.rf.96fb0c6ec7775158357811fc85b42c92.jpg,facial_skin_concerns,Redness,dup_00004,facial_closeup,train,1,-1,-1,-1,-1,3,Existing training image; judge each concern independently,"Review unknown dark spots, redness, and pores; unknown is valid if not visible"
31e57cad3edb1c71,/Users/aryanmalla/PycharmProjects/Skin-Care-AI/dataset/Conditions/Dark Spot/20.jpg,existing_conditions,Dark Spot,dup_00016,facial_closeup,train,-1,-1,-1,-1,-1,3,Existing training image; judge each concern independently,"Review unknown dark spots, redness, and pores; unknown is valid if not visible"
32bd3174df4aa4f2,/Users/aryanmalla/PycharmProjects/Skin-Care-AI/dataset/Conditions/Rosacea/Rosacea_288.jpg,existing_conditions,Rosacea,dup_03202,facial_closeup,train,1,-1,-1,-1,-1,3,Existing training image; judge each concern independently,"Review unknown dark spots, redness, and pores; unknown is valid if not visible"
336f4942f099ead8,/Users/aryanmalla/PycharmProjects/Skin-Care-AI/dataset_sources/extracted/facial_skin_concerns/dataset/wrinkles/64_jpg.rf.f0270619f905e59fc54ca7be14a21c4d.jpg,facial_skin_concerns,wrinkles,dup_01320,full_face,train,-1,-1,-1,-1,1,3,Existing training image; judge each concern independently,"Review unknown dark spots, redness, and pores; unknown is valid if not visible"
338b60ca37961254,/Users/aryanmalla/PycharmProjects/Skin-Care-AI/dataset_sources/extracted/facial_skin_concerns/dataset/wrinkles/wrinkles131.png,facial_skin_concerns,wrinkles,af6e8af3abd9ce7d5b8b129447e3f9e03d551fd13b7c83dbe9d9d01e460bd2f3,facial_closeup,train,-1,-1,-1,-1,1,3,Existing training image; judge each concern independently,"Review unknown dark spots, redness, and pores; unknown is valid if not visible"
353a1950497b9fac,/Users/aryanmalla/PycharmProjects/Skin-Care-AI/dataset/Conditions/Dark Spot/efd4b0bd-4be5-4dfb-b118-71de0cde6b7c.jpg,existing_conditions,Dark Spot,dup_00893,facial_closeup,train,-1,-1,-1,-1,-1,3,Existing training image; judge each concern independently,"Review unknown dark spots, redness, and pores; unknown is valid if not visible"
35caa46a760a70b7,/Users/aryanmalla/PycharmProjects/Skin-Care-AI/dataset_sources/extracted/facial_skin_concerns/dataset/wrinkles/49_png.rf.81ad1b6011a77214551c7a6a39f5f13e.jpg,facial_skin_concerns,wrinkles,dup_01310,full_face,train,-1,-1,-1,-1,1,3,Existing training image; judge each concern independently,"Review unknown dark spots, redness, and pores; unknown is valid if not visible"
364a9dcb375e9b66,/Users/aryanmalla/PycharmProjects/Skin-Care-AI/dataset_sources/extracted/facial_skin_concerns/dataset/wrinkles/64_jpg.rf.8e04ded3dc45d52bfbd7a2e63fed7de4.jpg,facial_skin_concerns,wrinkles,dup_04140,full_face,train,-1,-1,-1,-1,-1,3,Existing training image; judge each concern independently,"Review unknown dark spots, redness, and pores; unknown is valid if not visible"
3714db959c5443b5,/Users/aryanmalla/PycharmProjects/Skin-Care-AI/dataset_sources/extracted/facial_skin_concerns/dataset/wrinkles/26_jpg.rf.1002b41b2e7a50b701b34da30b4b5058.jpg,facial_skin_concerns,wrinkles,dup_04035,facial_closeup,train,-1,-1,-1,-1,1,3,Existing training image; judge each concern independently,"Review unknown dark spots, redness, and pores; unknown is valid if not visible"
37188ef727b2d4da,/Users/aryanmalla/PycharmProjects/Skin-Care-AI/dataset_sources/extracted/facial_skin_concerns/dataset/wrinkles/wrinkles153.png,facial_skin_concerns,wrinkles,dup_03347,facial_closeup,train,-1,-1,-1,-1,1,3,Existing training image; judge each concern independently,"Review unknown dark spots, redness, and pores; unknown is valid if not visible"
38a9fae82eca2902,/Users/aryanmalla/PycharmProjects/Skin-Care-AI/dataset_sources/extracted/facial_skin_concerns/dataset/Redness/seed0913_png.rf.f63f70c6dd393360ae933271e0c25873.jpg,facial_skin_concerns,Redness,dup_00004,facial_closeup,train,1,-1,-1,-1,-1,3,Existing training image; judge each concern independently,"Review unknown dark spots, redness, and pores; unknown is valid if not visible"
3924d59a19ae30ac,/Users/aryanmalla/PycharmProjects/Skin-Care-AI/dataset/Conditions/Rosacea/Rosacea_136.jpg,existing_conditions,Rosacea,4abdbbf3de1f63c8df964ded1d5dd5a6cc11bb1879405637d72ad867177b7563,facial_closeup,train,-1,-1,-1,-1,-1,3,Existing training image; judge each concern independently,"Review unknown dark spots, redness, and pores; unknown is valid if not visible"
3bf416b8668e8db9,/Users/aryanmalla/PycharmProjects/Skin-Care-AI/dataset_sources/extracted/facial_skin_concerns/dataset/wrinkles/26865_png_jpg.rf.9109e9778f9a24703b8dec7b755212e6.jpg,facial_skin_concerns,wrinkles,dup_04032,facial_closeup,train,-1,-1,-1,-1,1,3,Existing training image; judge each concern independently,"Review unknown dark spots, redness, and pores; unknown is valid if not visible"
3c385d10ee39a64c,/Users/aryanmalla/PycharmProjects/Skin-Care-AI/dataset/Conditions/Dark Spot/97e3e72c-8460-4110-80bb-caf372c7c05e.jpg,existing_conditions,Dark Spot,dup_00420,full_face,train,-1,-1,-1,-1,-1,3,Existing training image; judge each concern independently,"Review unknown dark spots, redness, and pores; unknown is valid if not visible"
3c3c5429f4056a2e,/Users/aryanmalla/PycharmProjects/Skin-Care-AI/dataset_sources/extracted/facial_skin_concerns/dataset/wrinkles/182_jpg.rf.4ce8f95bd7892a0914790b2aec3725f8.jpg,facial_skin_concerns,wrinkles,dup_01299,full_face,train,-1,-1,-1,-1,1,3,Existing training image; judge each concern independently,"Review unknown dark spots, redness, and pores; unknown is valid if not visible"
3cb385ed6147f9ba,/Users/aryanmalla/PycharmProjects/Skin-Care-AI/dataset/Conditions/Dark Spot/80.jpg,existing_conditions,Dark Spot,dup_02116,full_face,train,-1,-1,-1,-1,-1,3,Existing training image; judge each concern independently,"Review unknown dark spots, redness, and pores; unknown is valid if not visible"
3cc17be6f758d19f,/Users/aryanmalla/PycharmProjects/Skin-Care-AI/dataset_sources/extracted/facial_skin_concerns/dataset/Redness/combination_-_6f7dcab28a16a7ffcf41_jpg.rf.dc9688162f8f49c2a35b81dd33e19df6.jpg,facial_skin_concerns,Redness,dup_01049,facial_closeup,train,-1,-1,-1,-1,-1,3,Existing training image; judge each concern independently,"Review unknown dark spots, redness, and pores; unknown is valid if not visible"
3d5fb86e98761a2e,/Users/aryanmalla/PycharmProjects/Skin-Care-AI/dataset/Conditions/Dark Spot/45.jpg,existing_conditions,Dark Spot,64fe8fe622c3182168330dcd3021b2e7ea89015e6fe0ff94846d62dfa49203c6,facial_closeup,train,-1,-1,-1,-1,-1,3,Existing training image; judge each concern independently,"Review unknown dark spots, redness, and pores; unknown is valid if not visible"
3dcfa041dc3f5856,/Users/aryanmalla/PycharmProjects/Skin-Care-AI/dataset_sources/extracted/facial_skin_concerns/dataset/Redness/combination_-_0bc5ca1194a13cfd7b9a_jpg.rf.fbef4973d289f085d519124caa546f43.jpg,facial_skin_concerns,Redness,d7028db2f32a2c5d221f1ea135805a78eb5dc6818d66de6652e054f63e68eb1c,full_face,train,-1,-1,-1,-1,-1,3,Existing training image; judge each concern independently,"Review unknown dark spots, redness, and pores; unknown is valid if not visible"
3f3498457c5007ca,/Users/aryanmalla/PycharmProjects/Skin-Care-AI/dataset_sources/extracted/facial_skin_concerns/dataset/wrinkles/wrinkles70.png,facial_skin_concerns,wrinkles,297d1a7be63077823cc6cc63fbb4336f9454506239f27b166eb0706d9ca9d468,full_face,train,-1,-1,-1,-1,1,3,Existing training image; judge each concern independently,"Review unknown dark spots, redness, and pores; unknown is valid if not visible"
3fab092bb1b8d843,/Users/aryanmalla/PycharmProjects/Skin-Care-AI/dataset/Conditions/Dark Spot/a336ac0c-d1d0-4b5b-a152-9c5dd60ccd9c.jpg,existing_conditions,Dark Spot,dup_00017,facial_closeup,train,-1,-1,-1,-1,-1,3,Existing training image; judge each concern independently,"Review unknown dark spots, redness, and pores; unknown is valid if not visible"
3fbdfe3df10d1d12,/Users/aryanmalla/PycharmProjects/Skin-Care-AI/dataset/Conditions/Dark Spot/64.jpg,existing_conditions,Dark Spot,f709419f621495e61ebab65bd9bf36055f6f12b1375c1c7526c61b4404e3059c,full_face,train,-1,-1,-1,-1,-1,3,Existing training image; judge each concern independently,"Review unknown dark spots, redness, and pores; unknown is valid if not visible"
40c8d23f2c199db2,/Users/aryanmalla/PycharmProjects/Skin-Care-AI/dataset_sources/extracted/facial_skin_concerns/dataset/dark spots/melasma40_jpg.rf.6f38df4b9fe6ff38e84ce55972dfdb12.jpg,facial_skin_concerns,dark spots,dup_03482,facial_closeup,train,-1,-1,-1,-1,-1,3,Existing training image; judge each concern independently,"Review unknown dark spots, redness, and pores; unknown is valid if not visible"
41c058c8be97df6d,/Users/aryanmalla/PycharmProjects/Skin-Care-AI/dataset_sources/extracted/facial_skin_concerns/dataset/wrinkles/53_jpg.rf.38ad09c1f7e4ea0c8c269d551cc28635.jpg,facial_skin_concerns,wrinkles,dup_04102,facial_closeup,train,-1,-1,-1,-1,1,3,Existing training image; judge each concern independently,"Review unknown dark spots, redness, and pores; unknown is valid if not visible"
41f96afe4972ab19,/Users/aryanmalla/PycharmProjects/Skin-Care-AI/dataset_sources/extracted/facial_skin_concerns/dataset/wrinkles/26664_png_jpg.rf.6c0441c95ff751ff0610e93fdf58d011.jpg,facial_skin_concerns,wrinkles,dup_04031,facial_closeup,train,-1,-1,-1,-1,1,3,Existing training image; judge each concern independently,"Review unknown dark spots, redness, and pores; unknown is valid if not visible"
4226e54a5e3faab9,/Users/aryanmalla/PycharmProjects/Skin-Care-AI/dataset/Conditions/Dark Spot/3e94d530-1288-4672-8e5f-70741b570193.jpg,existing_conditions,Dark Spot,dup_00850,full_face,train,-1,-1,-1,-1,-1,3,Existing training image; judge each concern independently,"Review unknown dark spots, redness, and pores; unknown is valid if not visible"
427805cbda01f52e,/Users/aryanmalla/PycharmProjects/Skin-Care-AI/dataset_sources/extracted/facial_skin_concerns/dataset/Redness/seed0819_png.rf.bdacfef2f85812ab9863e9bbbc8c7de0.jpg,facial_skin_concerns,Redness,d8b33ff6c08e7f18a8772d176dba832d30337bfba417943bec7a88bf967f1703,facial_closeup,train,-1,-1,-1,-1,-1,3,Existing training image; judge each concern independently,"Review unknown dark spots, redness, and pores; unknown is valid if not visible"
433d5439dfc51bff,/Users/aryanmalla/PycharmProjects/Skin-Care-AI/dataset_sources/extracted/facial_skin_concerns/dataset/wrinkles/Wrinkles_5_jpeg.rf.55eca89db54456840e2bdf73fe34b57e.jpg,facial_skin_concerns,wrinkles,dup_00196,facial_closeup,train,-1,-1,-1,-1,1,3,Existing training image; judge each concern independently,"Review unknown dark spots, redness, and pores; unknown is valid if not visible"
43842dc02f52f496,/Users/aryanmalla/PycharmProjects/Skin-Care-AI/dataset_sources/extracted/facial_skin_concerns/dataset/wrinkles/27_jpeg.rf.447ad16027f5510b7d56b933bbfa7720.jpg,facial_skin_concerns,wrinkles,dup_00672,full_face,train,-1,-1,-1,-1,1,3,Existing training image; judge each concern independently,"Review unknown dark spots, redness, and pores; unknown is valid if not visible"
44005fb35d8472ad,/Users/aryanmalla/PycharmProjects/Skin-Care-AI/dataset_sources/extracted/facial_skin_concerns/dataset/wrinkles/wrinkles122.png,facial_skin_concerns,wrinkles,b168eaa54275cd06dee3a2d42f7cc7be1250384554467e3959c74b245c446d08,full_face,train,-1,-1,-1,-1,1,3,Existing training image; judge each concern independently,"Review unknown dark spots, redness, and pores; unknown is valid if not visible"
44ff672a3e57075a,/Users/aryanmalla/PycharmProjects/Skin-Care-AI/dataset/Conditions/Rosacea/Rosacea_304.jpg,existing_conditions,Rosacea,dup_00963,facial_closeup,train,-1,-1,-1,-1,-1,3,Existing training image; judge each concern independently,"Review unknown dark spots, redness, and pores; unknown is valid if not visible"
459b23ad0d4088a0,/Users/aryanmalla/PycharmProjects/Skin-Care-AI/dataset_sources/extracted/facial_skin_concerns/dataset/wrinkles/wrinkles16.png,facial_skin_concerns,wrinkles,dup_04265,full_face,train,-1,-1,-1,-1,1,3,Existing training image; judge each concern independently,"Review unknown dark spots, redness, and pores; unknown is valid if not visible"
45a314b7059e2278,/Users/aryanmalla/PycharmProjects/Skin-Care-AI/dataset_sources/extracted/facial_skin_concerns/dataset/pores/94_PNG_jpg.rf.45aa549343542e86acc7a63ed35dcfca.jpg,facial_skin_concerns,pores,dup_00023,facial_closeup,train,-1,-1,-1,-1,-1,3,Existing training image; judge each concern independently,"Review unknown dark spots, redness, and pores; unknown is valid if not visible"
46329d97926c88a0,/Users/aryanmalla/PycharmProjects/Skin-Care-AI/dataset_sources/extracted/facial_skin_concerns/dataset/wrinkles/34_jpg.rf.3c8192c1870674bb2135c34b116b9bbf.jpg,facial_skin_concerns,wrinkles,dup_00676,facial_closeup,train,-1,-1,-1,-1,1,3,Existing training image; judge each concern independently,"Review unknown dark spots, redness, and pores; unknown is valid if not visible"
464dacaedbca9b56,/Users/aryanmalla/PycharmProjects/Skin-Care-AI/dataset_sources/extracted/facial_skin_concerns/dataset/Redness/combination_-_7c47c759fe84bfc8750f_jpg.rf.8ec76b71a58ee4386aff8976c777f786.jpg,facial_skin_concerns,Redness,dup_00200,full_face,train,-1,-1,-1,-1,-1,3,Existing training image; judge each concern independently,"Review unknown dark spots, redness, and pores; unknown is valid if not visible"
46cae7e88989329b,/Users/aryanmalla/PycharmProjects/Skin-Care-AI/dataset_sources/extracted/facial_skin_concerns/dataset/pigmentation/yt-LrMrhZhlHyU-0191_jpg.rf.fa403bb05149ca16746c17d58a1ea1c5.jpg,facial_skin_concerns,pigmentation,11bdc04e53c7165e7d46acc156371c7c388c1a1858dca918a7950074de1c4e4c,full_face,train,-1,-1,-1,-1,-1,3,Existing training image; judge each concern independently,"Review unknown dark spots, redness, and pores; unknown is valid if not visible"
4778d63a73a253c1,/Users/aryanmalla/PycharmProjects/Skin-Care-AI/dataset_sources/extracted/facial_skin_concerns/dataset/wrinkles/72_jpg.rf.1843425df554c3ee693c349f3c0d640c.jpg,facial_skin_concerns,wrinkles,dup_04160,facial_closeup,train,-1,-1,-1,-1,1,3,Existing training image; judge each concern independently,"Review unknown dark spots, redness, and pores; unknown is valid if not visible"
47d6edd6bf274344,/Users/aryanmalla/PycharmProjects/Skin-Care-AI/dataset/Conditions/Rosacea/rosacea-0010__ProtectWyJQcm90ZWN0Il0_FocusFillWzI5NCwyMjIsIngiLDFd.jpeg,existing_conditions,Rosacea,af1d70871e34ad036e513efddb2fc47e3367dcee3a2ee5820e92cc45482383c9,facial_closeup,train,-1,-1,-1,-1,-1,3,Existing training image; judge each concern independently,"Review unknown dark spots, redness, and pores; unknown is valid if not visible"
484b5fd3e66257e5,/Users/aryanmalla/PycharmProjects/Skin-Care-AI/dataset_sources/extracted/facial_skin_concerns/dataset/wrinkles/64_jpg.rf.0730b85487982058776c0794bcf325d3.jpg,facial_skin_concerns,wrinkles,dup_04138,facial_closeup,train,-1,-1,-1,-1,1,3,Existing training image; judge each concern independently,"Review unknown dark spots, redness, and pores; unknown is valid if not visible"
48e765dbda2c8cf3,/Users/aryanmalla/PycharmProjects/Skin-Care-AI/dataset/Conditions/Dark Spot/91.jpg,existing_conditions,Dark Spot,dup_00839,full_face,train,-1,-1,-1,-1,-1,3,Existing training image; judge each concern independently,"Review unknown dark spots, redness, and pores; unknown is valid if not visible"
48fb1da6732c55e7,/Users/aryanmalla/PycharmProjects/Skin-Care-AI/dataset_sources/extracted/facial_skin_concerns/dataset/wrinkles/50_jpg.rf.fea55ef1881186e8c33e66f3a8ec40f7.jpg,facial_skin_concerns,wrinkles,dup_04093,full_face,train,-1,-1,-1,-1,1,3,Existing training image; judge each concern independently,"Review unknown dark spots, redness, and pores; unknown is valid if not visible"
492b69263682e449,/Users/aryanmalla/PycharmProjects/Skin-Care-AI/dataset/Conditions/Dark Spot/a9a346a2-5870-43d7-b11a-9b89352d011f.jpg,existing_conditions,Dark Spot,dup_00880,facial_closeup,train,-1,-1,-1,-1,-1,3,Existing training image; judge each concern independently,"Review unknown dark spots, redness, and pores; unknown is valid if not visible"
4a0901b2e217202d,/Users/aryanmalla/PycharmProjects/Skin-Care-AI/dataset_sources/extracted/facial_skin_concerns/dataset/wrinkles/wrinkles43.png,facial_skin_concerns,wrinkles,61b44f3d201c9c17f8004591c596fc8e9c34635beb60ef788b16ac5430b7dc21,facial_closeup,train,-1,-1,-1,-1,1,3,Existing training image; judge each concern independently,"Review unknown dark spots, redness, and pores; unknown is valid if not visible"
4aa70e01a3f773ab,/Users/aryanmalla/PycharmProjects/Skin-Care-AI/dataset_sources/extracted/facial_skin_concerns/dataset/wrinkles/74_jpg.rf.ae70bda0e95123afa3212efb6dbd2dc6.jpg,facial_skin_concerns,wrinkles,dup_04163,facial_closeup,train,-1,-1,-1,-1,1,3,Existing training image; judge each concern independently,"Review unknown dark spots, redness, and pores; unknown is valid if not visible"
4b26de0ce675b742,/Users/aryanmalla/PycharmProjects/Skin-Care-AI/dataset_sources/extracted/facial_skin_concerns/dataset/pigmentation/IMG_2909_jpg.rf.b797dd81d11f34e4a2996ee334aa4570.jpg,facial_skin_concerns,pigmentation,dup_03909,full_face,train,-1,-1,-1,-1,-1,3,Existing training image; judge each concern independently,"Review unknown dark spots, redness, and pores; unknown is valid if not visible"
4b9d75921b2e100b,/Users/aryanmalla/PycharmProjects/Skin-Care-AI/dataset_sources/extracted/facial_skin_concerns/dataset/wrinkles/26660_png_jpg.rf.b436e32329fc7dcb2437af03454bc478.jpg,facial_skin_concerns,wrinkles,dup_01302,facial_closeup,train,-1,-1,-1,-1,0,3,Existing training image; judge each concern independently,"Review unknown dark spots, redness, and pores; unknown is valid if not visible"
4c08ded8bf956c8f,/Users/aryanmalla/PycharmProjects/Skin-Care-AI/dataset_sources/extracted/facial_skin_concerns/dataset/wrinkles/wrinkles7.png,facial_skin_concerns,wrinkles,a525a4a5fb7e9fa79b37107e80b8735f513df6b83974af3ea06c6bf32bc53844,full_face,train,-1,-1,-1,-1,1,3,Existing training image; judge each concern independently,"Review unknown dark spots, redness, and pores; unknown is valid if not visible"
4c5fe54d6b6d3d57,/Users/aryanmalla/PycharmProjects/Skin-Care-AI/dataset_sources/extracted/facial_skin_concerns/dataset/pigmentation/6_0_148_jpeg.rf.9ba2b04c60659e44db899e10b1985aa7.jpg,facial_skin_concerns,pigmentation,ac67ba27967f34e75e3801d820bee3182dc6646656d99036fca80859ae10eafd,facial_closeup,train,-1,-1,-1,-1,-1,3,Existing training image; judge each concern independently,"Review unknown dark spots, redness, and pores; unknown is valid if not visible"
4c8430d100280567,/Users/aryanmalla/PycharmProjects/Skin-Care-AI/dataset/Conditions/Dark Spot/6110c83a-166b-4594-8ce1-5694a76292a9.jpg,existing_conditions,Dark Spot,dup_00416,facial_closeup,train,-1,-1,-1,-1,-1,3,Existing training image; judge each concern independently,"Review unknown dark spots, redness, and pores; unknown is valid if not visible"
4d5c79cda8a2a8c5,/Users/aryanmalla/PycharmProjects/Skin-Care-AI/dataset_sources/extracted/facial_skin_concerns/dataset/Redness/seed0441_png.rf.4cfff19ea8a146f0080086043e3d0220.jpg,facial_skin_concerns,Redness,c7b474650dbaa0d480e7f130f25ea5a25e217bb7b3a83a21c0d87d767053bd5d,facial_closeup,train,1,-1,-1,-1,-1,3,Existing training image; judge each concern independently,"Review unknown dark spots, redness, and pores; unknown is valid if not visible"
4e83b06991a6774d,/Users/aryanmalla/PycharmProjects/Skin-Care-AI/dataset/Conditions/Dark Spot/edee38c6-6337-4d84-92d7-56c25cbc1ad3.jpg,existing_conditions,Dark Spot,f23655d33ab76ff84c6f65a65b16317c4e66d99f5b8251af72f73bd6c6d16a6f,full_face,train,-1,-1,-1,-1,-1,3,Existing training image; judge each concern independently,"Review unknown dark spots, redness, and pores; unknown is valid if not visible"
51e236ac3b73f2e3,/Users/aryanmalla/PycharmProjects/Skin-Care-AI/dataset_sources/extracted/facial_skin_concerns/dataset/wrinkles/57_jpg.rf.c0d7197364e0187ef574fcfe82a2303f.jpg,facial_skin_concerns,wrinkles,dup_04112,facial_closeup,train,-1,-1,-1,-1,1,3,Existing training image; judge each concern independently,"Review unknown dark spots, redness, and pores; unknown is valid if not visible"
52a94114192a2d7c,/Users/aryanmalla/PycharmProjects/Skin-Care-AI/dataset_sources/extracted/facial_skin_concerns/dataset/wrinkles/66_jpg.rf.2c75f1f326bb65734deed60bb16348d9.jpg,facial_skin_concerns,wrinkles,dup_00350,full_face,train,-1,-1,-1,-1,1,3,Existing training image; judge each concern independently,"Review unknown dark spots, redness, and pores; unknown is valid if not visible"
5313ebed3d0db89d,/Users/aryanmalla/PycharmProjects/Skin-Care-AI/dataset_sources/extracted/facial_skin_concerns/dataset/wrinkles/18186_png_jpg.rf.5c3f6668ceb75aa8fd9c18e7eb3ba7f6.jpg,facial_skin_concerns,wrinkles,dup_01298,facial_closeup,train,-1,-1,-1,-1,1,3,Existing training image; judge each concern independently,"Review unknown dark spots, redness, and pores; unknown is valid if not visible"
53b1621440ba03fa,/Users/aryanmalla/PycharmProjects/Skin-Care-AI/dataset/Conditions/Dark Spot/84.jpg,existing_conditions,Dark Spot,dup_00116,full_face,train,-1,-1,-1,-1,-1,3,Existing training image; judge each concern independently,"Review unknown dark spots, redness, and pores; unknown is valid if not visible"
5419a8d559aa11b3,/Users/aryanmalla/PycharmProjects/Skin-Care-AI/dataset_sources/extracted/facial_skin_concerns/dataset/wrinkles/77_jpg.rf.95c314db70c4529678c19ed77866ed37.jpg,facial_skin_concerns,wrinkles,dup_01326,full_face,train,-1,-1,-1,-1,1,3,Existing training image; judge each concern independently,"Review unknown dark spots, redness, and pores; unknown is valid if not visible"
5494c60c0f75e4f6,/Users/aryanmalla/PycharmProjects/Skin-Care-AI/dataset_sources/extracted/facial_skin_concerns/dataset/wrinkles/12_jpeg.rf.9191396a707e02e3c3c9579982a35702.jpg,facial_skin_concerns,wrinkles,dup_00667,full_face,train,-1,-1,-1,-1,1,3,Existing training image; judge each concern independently,"Review unknown dark spots, redness, and pores; unknown is valid if not visible"
54c45a42e96076eb,/Users/aryanmalla/PycharmProjects/Skin-Care-AI/dataset_sources/extracted/facial_skin_concerns/dataset/pores/62_PNG_jpg.rf.1cb0ab96d8022efaede3c59959fb02bf.jpg,facial_skin_concerns,pores,dup_01267,facial_closeup,train,-1,-1,-1,-1,-1,3,Existing training image; judge each concern independently,"Review unknown dark spots, redness, and pores; unknown is valid if not visible"
55e0aecd28ae2a3e,/Users/aryanmalla/PycharmProjects/Skin-Care-AI/dataset_sources/extracted/facial_skin_concerns/dataset/wrinkles/60_png.rf.6a0dcfa6853206cbd36785297e8fe660.jpg,facial_skin_concerns,wrinkles,dup_00689,full_face,train,-1,-1,-1,-1,1,3,Existing training image; judge each concern independently,"Review unknown dark spots, redness, and pores; unknown is valid if not visible"
57ea9485b8195437,/Users/aryanmalla/PycharmProjects/Skin-Care-AI/dataset_sources/extracted/facial_skin_concerns/dataset/wrinkles/21074_png_jpg.rf.370827383c7ff453eb69c5883e4350ee.jpg,facial_skin_concerns,wrinkles,dup_04020,facial_closeup,train,-1,-1,-1,-1,0,3,Existing training image; judge each concern independently,"Review unknown dark spots, redness, and pores; unknown is valid if not visible"
58817f0f090466f8,/Users/aryanmalla/PycharmProjects/Skin-Care-AI/dataset_sources/extracted/facial_skin_concerns/dataset/wrinkles/51_jpg.rf.2f92dbc8685d0c5add83a97f09109ddb.jpg,facial_skin_concerns,wrinkles,dup_00682,full_face,train,-1,-1,-1,-1,1,3,Existing training image; judge each concern independently,"Review unknown dark spots, redness, and pores; unknown is valid if not visible"
59442a319edbb39a,/Users/aryanmalla/PycharmProjects/Skin-Care-AI/dataset/Conditions/Dark Spot/a7d19b86-5eb2-4cd0-8f64-a11bfccf69db.jpg,existing_conditions,Dark Spot,dup_02126,full_face,train,-1,-1,-1,-1,-1,3,Existing training image; judge each concern independently,"Review unknown dark spots, redness, and pores; unknown is valid if not visible"
595c022f13007b87,/Users/aryanmalla/PycharmProjects/Skin-Care-AI/dataset_sources/extracted/facial_skin_concerns/dataset/Redness/combination_-_5e9b1c6b02764f2c2259_jpg.rf.fcdb0cac7ace83af6b2a838cb03f2893.jpg,facial_skin_concerns,Redness,dup_03428,facial_closeup,train,-1,-1,-1,-1,-1,3,Existing training image; judge each concern independently,"Review unknown dark spots, redness, and pores; unknown is valid if not visible"
5bda0fe6e30c1947,/Users/aryanmalla/PycharmProjects/Skin-Care-AI/dataset_sources/extracted/facial_skin_concerns/dataset/wrinkles/wrinkles52.png,facial_skin_concerns,wrinkles,dup_00242,full_face,train,-1,-1,-1,-1,1,3,Existing training image; judge each concern independently,"Review unknown dark spots, redness, and pores; unknown is valid if not visible"
5bdd41fefc01bb48,/Users/aryanmalla/PycharmProjects/Skin-Care-AI/dataset_sources/extracted/facial_skin_concerns/dataset/wrinkles/4_jpeg.rf.33ad99c4b32264a44cebb9197fcaf07c.jpg,facial_skin_concerns,wrinkles,dup_00242,facial_closeup,train,-1,-1,-1,-1,1,3,Existing training image; judge each concern independently,"Review unknown dark spots, redness, and pores; unknown is valid if not visible"
5be2824bbdfd22c7,/Users/aryanmalla/PycharmProjects/Skin-Care-AI/dataset_sources/extracted/facial_skin_concerns/dataset/pores/42_PNG_jpg.rf.ae6fa6f916d2a7755dfc4b6ca78ae80a.jpg,facial_skin_concerns,pores,dup_03963,facial_closeup,train,-1,-1,-1,-1,-1,3,Existing training image; judge each concern independently,"Review unknown dark spots, redness, and pores; unknown is valid if not visible"
5c04be696a1d1cc0,/Users/aryanmalla/PycharmProjects/Skin-Care-AI/dataset/Conditions/Dark Spot/799b41f6-36cf-401e-8937-bc2e710054b5.jpg,existing_conditions,Dark Spot,dup_00419,facial_closeup,train,-1,-1,-1,-1,-1,3,Existing training image; judge each concern independently,"Review unknown dark spots, redness, and pores; unknown is valid if not visible"
5c3f7d9961fdeffd,/Users/aryanmalla/PycharmProjects/Skin-Care-AI/dataset_sources/extracted/facial_skin_concerns/dataset/wrinkles/wrinkles93.png,facial_skin_concerns,wrinkles,1783d8d9b03ed281d5e78666d4ac514a9ff3a8ff87339169d67b738a047c9732,facial_closeup,train,-1,-1,-1,-1,1,3,Existing training image; judge each concern independently,"Review unknown dark spots, redness, and pores; unknown is valid if not visible"
5cc48aa682844d14,/Users/aryanmalla/PycharmProjects/Skin-Care-AI/dataset_sources/extracted/facial_skin_concerns/dataset/wrinkles/wrinkles4.png,facial_skin_concerns,wrinkles,dup_04257,full_face,train,-1,-1,-1,-1,1,3,Existing training image; judge each concern independently,"Review unknown dark spots, redness, and pores; unknown is valid if not visible"
5d349f88773aee70,/Users/aryanmalla/PycharmProjects/Skin-Care-AI/dataset_sources/extracted/facial_skin_concerns/dataset/wrinkles/wrinkle160.png,facial_skin_concerns,wrinkles,e8afa6b085d740913500b1cf84f504328d168003d83ff104b263368f15033962,facial_closeup,train,-1,-1,-1,-1,1,3,Existing training image; judge each concern independently,"Review unknown dark spots, redness, and pores; unknown is valid if not visible"
5eb587e68ff8ec59,/Users/aryanmalla/PycharmProjects/Skin-Care-AI/dataset_sources/extracted/facial_skin_concerns/dataset/pores/94_PNG_jpg.rf.8db65ba71b53494cbdd93968b17b1433.jpg,facial_skin_concerns,pores,dup_03996,facial_closeup,train,-1,-1,-1,-1,-1,3,Existing training image; judge each concern independently,"Review unknown dark spots, redness, and pores; unknown is valid if not visible"
5f4fd7cf6881c2ed,/Users/aryanmalla/PycharmProjects/Skin-Care-AI/dataset_sources/extracted/facial_skin_concerns/dataset/wrinkles/wrinkles75.png,facial_skin_concerns,wrinkles,2b6d8fda7f06db4e719734de6b0b187e0f15080db8e02b2437876f67285223aa,full_face,train,-1,-1,-1,-1,1,3,Existing training image; judge each concern independently,"Review unknown dark spots, redness, and pores; unknown is valid if not visible"
61417326be1b8445,/Users/aryanmalla/PycharmProjects/Skin-Care-AI/dataset/Conditions/Rosacea/Rosacea_255.jpg,existing_conditions,Rosacea,c077b95671fd1f40b6e9015e0be664ac65b0513f3b966d61f5d6912814895f48,full_face,train,-1,-1,-1,-1,-1,3,Existing training image; judge each concern independently,"Review unknown dark spots, redness, and pores; unknown is valid if not visible"
61591c2932711eb4,/Users/aryanmalla/PycharmProjects/Skin-Care-AI/dataset_sources/extracted/facial_skin_concerns/dataset/wrinkles/wrinkles111.png,facial_skin_concerns,wrinkles,d699e63b209e76ebc021e02a4ae1a4df3ad8a7af56e6f2793157459c833e19da,full_face,train,-1,-1,-1,-1,1,3,Existing training image; judge each concern independently,"Review unknown dark spots, redness, and pores; unknown is valid if not visible"
6178db123e06333b,/Users/aryanmalla/PycharmProjects/Skin-Care-AI/dataset/Conditions/Dark Spot/92d51c3d-40f5-42c4-9721-2af45d3691e0.jpg,existing_conditions,Dark Spot,dup_00876,facial_closeup,train,-1,-1,-1,-1,-1,3,Existing training image; judge each concern independently,"Review unknown dark spots, redness, and pores; unknown is valid if not visible"
6210e51d215f474c,/Users/aryanmalla/PycharmProjects/Skin-Care-AI/dataset_sources/extracted/facial_skin_concerns/dataset/wrinkles/wrinkles76.png,facial_skin_concerns,wrinkles,30e1d5ae3caab5b8d55c313be19e5c6ae4cf1a212fe05aebd9649e5dea285a89,full_face,train,-1,-1,-1,-1,1,3,Existing training image; judge each concern independently,"Review unknown dark spots, redness, and pores; unknown is valid if not visible"
623a0296297d9062,/Users/aryanmalla/PycharmProjects/Skin-Care-AI/dataset_sources/extracted/facial_skin_concerns/dataset/wrinkles/18490_png_jpg.rf.61ce0c03a0209e4bebdf7755a9914a87.jpg,facial_skin_concerns,wrinkles,dup_04017,full_face,train,-1,-1,-1,-1,1,3,Existing training image; judge each concern independently,"Review unknown dark spots, redness, and pores; unknown is valid if not visible"
624b60b12a7d26d2,/Users/aryanmalla/PycharmProjects/Skin-Care-AI/dataset_sources/extracted/facial_skin_concerns/dataset/wrinkles/wrinkles42.png,facial_skin_concerns,wrinkles,dup_04267,facial_closeup,train,-1,-1,-1,-1,1,3,Existing training image; judge each concern independently,"Review unknown dark spots, redness, and pores; unknown is valid if not visible"
62d2088a57d1f92c,/Users/aryanmalla/PycharmProjects/Skin-Care-AI/dataset_sources/extracted/facial_skin_concerns/dataset/Redness/combination_-_7c47c759fe84bfc8750f_jpg.rf.2db14df04b778ce3746c9c49a1d30b6d.jpg,facial_skin_concerns,Redness,dup_00200,full_face,train,-1,-1,-1,-1,-1,3,Existing training image; judge each concern independently,"Review unknown dark spots, redness, and pores; unknown is valid if not visible"
63614f0c3bb9ef11,/Users/aryanmalla/PycharmProjects/Skin-Care-AI/dataset_sources/extracted/facial_skin_concerns/dataset/wrinkles/9_jpeg_jpg.rf.b64fdc3199e861e8081afe4def1e3bce.jpg,facial_skin_concerns,wrinkles,dup_00696,full_face,train,-1,-1,-1,-1,0,3,Existing training image; judge each concern independently,"Review unknown dark spots, redness, and pores; unknown is valid if not visible"
63adbcdd79dabb3c,/Users/aryanmalla/PycharmProjects/Skin-Care-AI/dataset_sources/extracted/facial_skin_concerns/dataset/Redness/combination_-_6f7dcab28a16a7ffcf41_jpg.rf.11f94919f98d49f23ab042b67576b213.jpg,facial_skin_concerns,Redness,6d458923766b7cc336418ea1138a280302f6bbb66e01c5e53d611830796b7ee0,full_face,train,-1,-1,-1,-1,-1,3,Existing training image; judge each concern independently,"Review unknown dark spots, redness, and pores; unknown is valid if not visible"
654bbe97d689b7cd,/Users/aryanmalla/PycharmProjects/Skin-Care-AI/dataset_sources/extracted/facial_skin_concerns/dataset/dark spots/melasma3_jpg.rf.15bbddbd8979161b824b8ad4c1cc5421.jpg,facial_skin_concerns,dark spots,dup_03467,facial_closeup,train,-1,-1,-1,-1,-1,3,Existing training image; judge each concern independently,"Review unknown dark spots, redness, and pores; unknown is valid if not visible"
6744af381187da7b,/Users/aryanmalla/PycharmProjects/Skin-Care-AI/dataset_sources/extracted/facial_skin_concerns/dataset/wrinkles/wrinkles202.png,facial_skin_concerns,wrinkles,065047b06e18a643eafa78a1df72d590340997717e6e477057bb0a8d56cdfcd0,facial_closeup,train,-1,-1,-1,-1,1,3,Existing training image; judge each concern independently,"Review unknown dark spots, redness, and pores; unknown is valid if not visible"
692c0b77f633c76c,/Users/aryanmalla/PycharmProjects/Skin-Care-AI/dataset_sources/extracted/facial_skin_concerns/dataset/wrinkles/wrinkle163.png,facial_skin_concerns,wrinkles,95f6b345a94e09eec7f41cd0a33fb57647978d3136cefe95929cc5088368028e,full_face,train,-1,-1,-1,-1,1,3,Existing training image; judge each concern independently,"Review unknown dark spots, redness, and pores; unknown is valid if not visible"
6973f0cbc88d1833,/Users/aryanmalla/PycharmProjects/Skin-Care-AI/dataset_sources/extracted/facial_skin_concerns/dataset/pores/22_PNG_jpg.rf.f8873e4193dcd7c7345be1a8d2767da3.jpg,facial_skin_concerns,pores,dup_01238,facial_closeup,train,-1,-1,-1,-1,-1,3,Existing training image; judge each concern independently,"Review unknown dark spots, redness, and pores; unknown is valid if not visible"
6a1de6ffaed3eaac,/Users/aryanmalla/PycharmProjects/Skin-Care-AI/dataset_sources/extracted/facial_skin_concerns/dataset/wrinkles/185_jpg.rf.0355d686b24741f5ebfdd247515c21d4.jpg,facial_skin_concerns,wrinkles,dup_00063,facial_closeup,train,-1,-1,-1,-1,1,3,Existing training image; judge each concern independently,"Review unknown dark spots, redness, and pores; unknown is valid if not visible"
6b4d1c388b446648,/Users/aryanmalla/PycharmProjects/Skin-Care-AI/dataset_sources/extracted/facial_skin_concerns/dataset/wrinkles/wrinkles94.png,facial_skin_concerns,wrinkles,36e81b709eff7948152b4228a26fbbf6f682076aeba9bdf8de5b08f9babce059,full_face,train,-1,-1,-1,-1,1,3,Existing training image; judge each concern independently,"Review unknown dark spots, redness, and pores; unknown is valid if not visible"
6d33b0c487555e77,/Users/aryanmalla/PycharmProjects/Skin-Care-AI/dataset_sources/extracted/facial_skin_concerns/dataset/wrinkles/Wrinkles_158_jpeg.rf.ba05f4d0f73650fed24bd1316c7c34c4.jpg,facial_skin_concerns,wrinkles,dup_00022,facial_closeup,train,-1,-1,-1,-1,1,3,Existing training image; judge each concern independently,"Review unknown dark spots, redness, and pores; unknown is valid if not visible"
6df48d43de2a7897,/Users/aryanmalla/PycharmProjects/Skin-Care-AI/dataset/Conditions/Dark Spot/089c8f6d-60da-46db-931e-9812d35b3599.jpg,existing_conditions,Dark Spot,dup_00256,facial_closeup,train,-1,-1,-1,-1,-1,3,Existing training image; judge each concern independently,"Review unknown dark spots, redness, and pores; unknown is valid if not visible"
6e66e5f9bfd55094,/Users/aryanmalla/PycharmProjects/Skin-Care-AI/dataset_sources/extracted/facial_skin_concerns/dataset/Redness/seed0297_png.rf.7f69fdf1cae19454ff700f8ab73a0bde.jpg,facial_skin_concerns,Redness,95b6227457dc2b1ca3b8a0e0bcd3d2017661680a3e564b630d8813efac38675f,facial_closeup,train,-1,-1,-1,-1,-1,3,Existing training image; judge each concern independently,"Review unknown dark spots, redness, and pores; unknown is valid if not visible"
6e9c1e4615c78d32,/Users/aryanmalla/PycharmProjects/Skin-Care-AI/dataset_sources/extracted/facial_skin_concerns/dataset/Redness/various_selfie_skin_with_many_pores_4fa99109c42dab11e2cd_jpg.rf.f69c02fc761ef393bf261315800c25b3.jpg,facial_skin_concerns,Redness,907a7c9bd603182f4c9b29b68435f72aea0d7ce38c7049303e883454ff43a44f,facial_closeup,train,-1,-1,-1,-1,-1,3,Existing training image; judge each concern independently,"Review unknown dark spots, redness, and pores; unknown is valid if not visible"
70cbce46f68dd07c,/Users/aryanmalla/PycharmProjects/Skin-Care-AI/dataset/Conditions/Rosacea/Rosacea_367.jpg,existing_conditions,Rosacea,e5160b999517f49a44d7f6cd36a1c3c8d049397adbe4235645a4a3c567088485,full_face,train,-1,-1,-1,-1,-1,3,Existing training image; judge each concern independently,"Review unknown dark spots, redness, and pores; unknown is valid if not visible"
722f8fa1175d0450,/Users/aryanmalla/PycharmProjects/Skin-Care-AI/dataset_sources/extracted/facial_skin_concerns/dataset/Redness/combination_-_7c47c759fe84bfc8750f_jpg.rf.46d164ba20e8e546cca693595cea1597.jpg,facial_skin_concerns,Redness,dup_00200,full_face,train,-1,-1,-1,-1,-1,3,Existing training image; judge each concern independently,"Review unknown dark spots, redness, and pores; unknown is valid if not visible"
72cb36c02e4063d8,/Users/aryanmalla/PycharmProjects/Skin-Care-AI/dataset_sources/extracted/facial_skin_concerns/dataset/wrinkles/wrinkles208.png,facial_skin_concerns,wrinkles,bed36c142641512b1df0b72efb939e4409be607660080300e280f187db144aa2,facial_closeup,train,-1,-1,-1,-1,1,3,Existing training image; judge each concern independently,"Review unknown dark spots, redness, and pores; unknown is valid if not visible"
73a6831af9d7bf00,/Users/aryanmalla/PycharmProjects/Skin-Care-AI/dataset/Conditions/Dark Spot/33.jpg,existing_conditions,Dark Spot,dup_00120,full_face,train,1,-1,-1,-1,-1,3,Existing training image; judge each concern independently,"Review unknown dark spots, redness, and pores; unknown is valid if not visible"
749d8aa9f3f0f495,/Users/aryanmalla/PycharmProjects/Skin-Care-AI/dataset_sources/extracted/facial_skin_concerns/dataset/pigmentation/pig58_0_6817_jpeg.rf.53e36cf35186402dddf15f062a3c27b4.jpg,facial_skin_concerns,pigmentation,2bccb0ff436e017bb28542771997c1db52c7b61e876f2e24e716b7552d847c81,facial_closeup,train,-1,-1,-1,-1,-1,3,Existing training image; judge each concern independently,"Review unknown dark spots, redness, and pores; unknown is valid if not visible"
76ece46a5b5b00bc,/Users/aryanmalla/PycharmProjects/Skin-Care-AI/dataset_sources/extracted/facial_skin_concerns/dataset/wrinkles/wrinkle159.png,facial_skin_concerns,wrinkles,e14aa34bde832a3fc2bc74fedd27fbb56382a4f64d22c3af649d08eeb0c7134d,facial_closeup,train,-1,-1,-1,-1,1,3,Existing training image; judge each concern independently,"Review unknown dark spots, redness, and pores; unknown is valid if not visible"
7770e7581fbe8f7f,/Users/aryanmalla/PycharmProjects/Skin-Care-AI/dataset_sources/extracted/facial_skin_concerns/dataset/wrinkles/349_jpg.rf.eb3d0ad54bb9ce7eecae56fbee3ed7a9.jpg,facial_skin_concerns,wrinkles,dup_04055,full_face,train,-1,-1,-1,-1,-1,3,Existing training image; judge each concern independently,"Review unknown dark spots, redness, and pores; unknown is valid if not visible"
77a161ce2fc66303,/Users/aryanmalla/PycharmProjects/Skin-Care-AI/dataset_sources/extracted/facial_skin_concerns/dataset/wrinkles/29_jpeg.rf.8b944d6004b935428eebaab1f4508de1.jpg,facial_skin_concerns,wrinkles,dup_04049,facial_closeup,train,-1,-1,-1,-1,1,3,Existing training image; judge each concern independently,"Review unknown dark spots, redness, and pores; unknown is valid if not visible"
77b8e44206af11c2,/Users/aryanmalla/PycharmProjects/Skin-Care-AI/dataset_sources/extracted/facial_skin_concerns/dataset/wrinkles/wrinkle187.png,facial_skin_concerns,wrinkles,373684f5c2ceaefded8971d01e76bcf8237dd30d0398aa8e498cb102369e6976,facial_closeup,train,-1,-1,-1,-1,1,3,Existing training image; judge each concern independently,"Review unknown dark spots, redness, and pores; unknown is valid if not visible"
78a565eaa82e097b,/Users/aryanmalla/PycharmProjects/Skin-Care-AI/dataset_sources/extracted/facial_skin_concerns/dataset/Redness/628d62c5-redness-329_jpg.rf.719bd3e2f407bce7b5c5299a47c3d1fc.jpg,facial_skin_concerns,Redness,c36a06edfff33015b967fba7093b6909b0c6e697d8d0d138334150c3e1cc8f8d,facial_closeup,train,-1,-1,-1,-1,-1,3,Existing training image; judge each concern independently,"Review unknown dark spots, redness, and pores; unknown is valid if not visible"
797de14e75fc05b4,/Users/aryanmalla/PycharmProjects/Skin-Care-AI/dataset/Conditions/Dark Spot/4fe4d594-0473-4419-8edf-9d85802134b1.jpg,existing_conditions,Dark Spot,f4d32dd5f5fa9de496b32e619ea8238f5a036f1fdf88b600e12085657fa48adf,facial_closeup,train,-1,-1,-1,-1,-1,3,Existing training image; judge each concern independently,"Review unknown dark spots, redness, and pores; unknown is valid if not visible"
7adc8e1793069720,/Users/aryanmalla/PycharmProjects/Skin-Care-AI/dataset/Conditions/Dark Spot/21.jpg,existing_conditions,Dark Spot,dup_02110,facial_closeup,train,-1,-1,-1,-1,-1,3,Existing training image; judge each concern independently,"Review unknown dark spots, redness, and pores; unknown is valid if not visible"
7d34297e5fe99154,/Users/aryanmalla/PycharmProjects/Skin-Care-AI/dataset/Conditions/Dark Spot/2.jpg,existing_conditions,Dark Spot,dup_00262,facial_closeup,train,-1,-1,-1,-1,-1,3,Existing training image; judge each concern independently,"Review unknown dark spots, redness, and pores; unknown is valid if not visible"
7f3dafa1d9452cad,/Users/aryanmalla/PycharmProjects/Skin-Care-AI/dataset_sources/extracted/facial_skin_concerns/dataset/wrinkles/wrinkles62.png,facial_skin_concerns,wrinkles,dup_01336,full_face,train,-1,-1,-1,-1,1,3,Existing training image; judge each concern independently,"Review unknown dark spots, redness, and pores; unknown is valid if not visible"
7f905c26d4016ee8,/Users/aryanmalla/PycharmProjects/Skin-Care-AI/dataset_sources/extracted/facial_skin_concerns/dataset/Redness/seed0111_png.rf.10aeb99c4261de8e89f65d78288dc402.jpg,facial_skin_concerns,Redness,dup_00004,facial_closeup,train,-1,-1,-1,-1,-1,3,Existing training image; judge each concern independently,"Review unknown dark spots, redness, and pores; unknown is valid if not visible"
7fa77ba61c92df69,/Users/aryanmalla/PycharmProjects/Skin-Care-AI/dataset_sources/extracted/facial_skin_concerns/dataset/Redness/combination_-_8cb7d464df2c970e85aa_jpg.rf.08b470ce235d8a0185dbb192b62bb4fe.jpg,facial_skin_concerns,Redness,dup_00201,facial_closeup,train,-1,-1,-1,-1,-1,3,Existing training image; judge each concern independently,"Review unknown dark spots, redness, and pores; unknown is valid if not visible"
8051ea698256bccf,/Users/aryanmalla/PycharmProjects/Skin-Care-AI/dataset/Conditions/Rosacea/rosacea-0003__ProtectWyJQcm90ZWN0Il0_FocusFillWzI5NCwyMjIsIngiLDFd.jpeg,existing_conditions,Rosacea,524747ffdfa672dc41184b98f75fe9557eda98ed37f1db25108d5d7cceec3da5,facial_closeup,train,-1,-1,-1,-1,-1,3,Existing training image; judge each concern independently,"Review unknown dark spots, redness, and pores; unknown is valid if not visible"
8126105a727c2b1c,/Users/aryanmalla/PycharmProjects/Skin-Care-AI/dataset/Conditions/Dark Spot/9f2c3594-5a2b-4502-9872-54b0fa60adf5.jpg,existing_conditions,Dark Spot,dup_00879,facial_closeup,train,-1,-1,-1,-1,-1,3,Existing training image; judge each concern independently,"Review unknown dark spots, redness, and pores; unknown is valid if not visible"
813d86f4fd4aaa49,/Users/aryanmalla/PycharmProjects/Skin-Care-AI/dataset_sources/extracted/facial_skin_concerns/dataset/pigmentation/1_0_1678_jpeg.rf.13d2fca5e0b1dc06d4174b7fa168b7ab.jpg,facial_skin_concerns,pigmentation,7c2cae17b3128318187f7406062f90ca8f312aff7708776c4b826b0f035d2e52,facial_closeup,train,-1,-1,-1,-1,-1,3,Existing training image; judge each concern independently,"Review unknown dark spots, redness, and pores; unknown is valid if not visible"
81f9682bb0bb21ed,/Users/aryanmalla/PycharmProjects/Skin-Care-AI/dataset/Conditions/Dark Spot/35.jpg,existing_conditions,Dark Spot,dup_00266,full_face,train,-1,-1,-1,-1,-1,3,Existing training image; judge each concern independently,"Review unknown dark spots, redness, and pores; unknown is valid if not visible"
82781ea51f7c1f82,/Users/aryanmalla/PycharmProjects/Skin-Care-AI/dataset/Conditions/Dark Spot/7b4d3873-22e1-4966-8d52-3f22d7ce46f9.jpg,existing_conditions,Dark Spot,dup_00868,full_face,train,-1,-1,-1,-1,-1,3,Existing training image; judge each concern independently,"Review unknown dark spots, redness, and pores; unknown is valid if not visible"
83fb4e930d79ef82,/Users/aryanmalla/PycharmProjects/Skin-Care-AI/dataset/Conditions/Dark Spot/16.jpg,existing_conditions,Dark Spot,dup_00838,facial_closeup,train,-1,-1,-1,-1,-1,3,Existing training image; judge each concern independently,"Review unknown dark spots, redness, and pores; unknown is valid if not visible"
840928b06a4f99af,/Users/aryanmalla/PycharmProjects/Skin-Care-AI/dataset_sources/extracted/facial_skin_concerns/dataset/wrinkles/wrinkle164.png,facial_skin_concerns,wrinkles,0c0258d586a465fd80231a6cd09337cff09d18ec959ade8c679dc93fcf33439d,full_face,train,-1,-1,-1,-1,1,3,Existing training image; judge each concern independently,"Review unknown dark spots, redness, and pores; unknown is valid if not visible"
8457550218ce8d1f,/Users/aryanmalla/PycharmProjects/Skin-Care-AI/dataset/Conditions/Dark Spot/482e3a4c-4edd-4127-8f60-68b7a7a05e28.jpg,existing_conditions,Dark Spot,dup_00853,full_face,train,-1,-1,-1,-1,-1,3,Existing training image; judge each concern independently,"Review unknown dark spots, redness, and pores; unknown is valid if not visible"
84cbe10cd0cc864f,/Users/aryanmalla/PycharmProjects/Skin-Care-AI/dataset_sources/extracted/facial_skin_concerns/dataset/dark spots/85c2340a-6cda-4609-8e08-24019b360531_jpg.rf.c88d637e7efe8c28f79cd51bd69274c4.jpg,facial_skin_concerns,dark spots,dup_00872,facial_closeup,train,-1,-1,-1,-1,-1,3,Existing training image; judge each concern independently,"Review unknown dark spots, redness, and pores; unknown is valid if not visible"
852a4875c739247f,/Users/aryanmalla/PycharmProjects/Skin-Care-AI/dataset_sources/extracted/facial_skin_concerns/dataset/Redness/seed0054_png.rf.3d29f88c8b7605262f229e4e1c2af5c6.jpg,facial_skin_concerns,Redness,f031aa952a6e7f8fb58dfdf2062729e3e03307e1b0b048cf1c34a0969c3a2456,facial_closeup,train,1,-1,-1,-1,-1,3,Existing training image; judge each concern independently,"Review unknown dark spots, redness, and pores; unknown is valid if not visible"
88faacdf3b803526,/Users/aryanmalla/PycharmProjects/Skin-Care-AI/dataset_sources/extracted/facial_skin_concerns/dataset/dark spots/spots154.png,facial_skin_concerns,dark spots,3cbaae81d91c4e93aa62831ceb3ad321d272b19f1d206a68e612cfba71b5b29d,facial_closeup,train,-1,-1,-1,-1,-1,3,Existing training image; judge each concern independently,"Review unknown dark spots, redness, and pores; unknown is valid if not visible"
8b088209bcc54f24,/Users/aryanmalla/PycharmProjects/Skin-Care-AI/dataset_sources/extracted/facial_skin_concerns/dataset/wrinkles/wrinkle178.png,facial_skin_concerns,wrinkles,6bb70bf4d8b5f8b56c2f5b3e23d473d1894a44425dea4ae03e1a1429689e3f27,full_face,train,-1,-1,-1,-1,1,3,Existing training image; judge each concern independently,"Review unknown dark spots, redness, and pores; unknown is valid if not visible"
8b64a52d704863cf,/Users/aryanmalla/PycharmProjects/Skin-Care-AI/dataset_sources/extracted/facial_skin_concerns/dataset/wrinkles/wrinkles28.png,facial_skin_concerns,wrinkles,2f4be19fc394d77ae9d659c364c229e615c03e59d909132c15e5f9641194f50a,full_face,train,-1,-1,-1,-1,1,3,Existing training image; judge each concern independently,"Review unknown dark spots, redness, and pores; unknown is valid if not visible"
8b89e7f3f52e68aa,/Users/aryanmalla/PycharmProjects/Skin-Care-AI/dataset_sources/extracted/facial_skin_concerns/dataset/wrinkles/44_jpg.rf.d672f70df7451587fb9e1039327e1826.jpg,facial_skin_concerns,wrinkles,dup_04085,facial_closeup,train,-1,-1,-1,-1,1,3,Existing training image; judge each concern independently,"Review unknown dark spots, redness, and pores; unknown is valid if not visible"
8ce1aae7ca6924a3,/Users/aryanmalla/PycharmProjects/Skin-Care-AI/dataset_sources/extracted/facial_skin_concerns/dataset/Redness/combination_-_8cb7d464df2c970e85aa_jpg.rf.8722cd966717e94879db1d3724686fc7.jpg,facial_skin_concerns,Redness,dup_00201,facial_closeup,train,-1,-1,-1,-1,-1,3,Existing training image; judge each concern independently,"Review unknown dark spots, redness, and pores; unknown is valid if not visible"
8d4d820e74bf974e,/Users/aryanmalla/PycharmProjects/Skin-Care-AI/dataset_sources/extracted/facial_skin_concerns/dataset/wrinkles/wrinkles2.png,facial_skin_concerns,wrinkles,dup_00196,facial_closeup,train,-1,-1,-1,-1,1,3,Existing training image; judge each concern independently,"Review unknown dark spots, redness, and pores; unknown is valid if not visible"
8d814ef8d70ab182,/Users/aryanmalla/PycharmProjects/Skin-Care-AI/dataset_sources/extracted/facial_skin_concerns/dataset/Redness/combination_-_b36a7b4c24f364d5c1f1_jpg.rf.b5dd8d4d98d516a7d1d5954c44ba10e7.jpg,facial_skin_concerns,Redness,dup_03430,facial_closeup,train,-1,-1,-1,-1,-1,3,Existing training image; judge each concern independently,"Review unknown dark spots, redness, and pores; unknown is valid if not visible"
8d89af4265a9a423,/Users/aryanmalla/PycharmProjects/Skin-Care-AI/dataset_sources/extracted/facial_skin_concerns/dataset/wrinkles/13_jpeg_jpg.rf.86764d7f264a94d31bf8b0da5e2a72b9.jpg,facial_skin_concerns,wrinkles,dup_00104,facial_closeup,train,-1,-1,-1,-1,1,3,Existing training image; judge each concern independently,"Review unknown dark spots, redness, and pores; unknown is valid if not visible"
8eaa04ac9a1a2d18,/Users/aryanmalla/PycharmProjects/Skin-Care-AI/dataset_sources/extracted/facial_skin_concerns/dataset/dark spots/melasma26_jpg.rf.52900205c7b8a3b6e24789054b27e466.jpg,facial_skin_concerns,dark spots,dup_00091,facial_closeup,train,-1,-1,-1,-1,-1,3,Existing training image; judge each concern independently,"Review unknown dark spots, redness, and pores; unknown is valid if not visible"
8f8aa86c7af3d6f4,/Users/aryanmalla/PycharmProjects/Skin-Care-AI/dataset_sources/extracted/facial_skin_concerns/dataset/Redness/combination_-_6f7dcab28a16a7ffcf41_jpg.rf.6e2eba312a2d0a38539ff3f80cdef43d.jpg,facial_skin_concerns,Redness,dup_01049,facial_closeup,train,-1,-1,-1,-1,-1,3,Existing training image; judge each concern independently,"Review unknown dark spots, redness, and pores; unknown is valid if not visible"
8fa46054905dbd1b,/Users/aryanmalla/PycharmProjects/Skin-Care-AI/dataset_sources/extracted/facial_skin_concerns/dataset/wrinkles/wrinkles207.png,facial_skin_concerns,wrinkles,a0758e58cdb3aaa08b1261bce37a460772ed4199b7a10cc4ef2dafd0bebe8180,full_face,train,-1,-1,-1,-1,1,3,Existing training image; judge each concern independently,"Review unknown dark spots, redness, and pores; unknown is valid if not visible"
8fc25023302d4e94,/Users/aryanmalla/PycharmProjects/Skin-Care-AI/dataset_sources/extracted/facial_skin_concerns/dataset/wrinkles/wrinkles209.png,facial_skin_concerns,wrinkles,dup_03392,facial_closeup,train,-1,-1,-1,-1,1,3,Existing training image; judge each concern independently,"Review unknown dark spots, redness, and pores; unknown is valid if not visible"
9092d4fd75e5f187,/Users/aryanmalla/PycharmProjects/Skin-Care-AI/dataset_sources/extracted/facial_skin_concerns/dataset/wrinkles/wrinkles210.png,facial_skin_concerns,wrinkles,8160458f2cd67a6e51ecba5afda42b8820db68840363125deb86b16dc3d89b18,facial_closeup,train,-1,-1,-1,-1,1,3,Existing training image; judge each concern independently,"Review unknown dark spots, redness, and pores; unknown is valid if not visible"
90cff434448b1d8c,/Users/aryanmalla/PycharmProjects/Skin-Care-AI/dataset_sources/extracted/facial_skin_concerns/dataset/wrinkles/wrinkle179.png,facial_skin_concerns,wrinkles,25bdc42b77cc08d137839920c646a4d3b7d3a7802931b833e305eeb5538c89f2,facial_closeup,train,-1,-1,-1,-1,1,3,Existing training image; judge each concern independently,"Review unknown dark spots, redness, and pores; unknown is valid if not visible"
911c6d555d699452,/Users/aryanmalla/PycharmProjects/Skin-Care-AI/dataset_sources/extracted/facial_skin_concerns/dataset/wrinkles/13706_png_jpg.rf.c53bbbcd89c10234c4530ddd6c2a36a7.jpg,facial_skin_concerns,wrinkles,dup_04007,facial_closeup,train,-1,-1,-1,-1,1,3,Existing training image; judge each concern independently,"Review unknown dark spots, redness, and pores; unknown is valid if not visible"
91621af73bb71519,/Users/aryanmalla/PycharmProjects/Skin-Care-AI/dataset/Conditions/Dark Spot/26.jpg,existing_conditions,Dark Spot,dup_00843,facial_closeup,train,-1,-1,-1,-1,-1,3,Existing training image; judge each concern independently,"Review unknown dark spots, redness, and pores; unknown is valid if not visible"
91fe3a6af3524fb4,/Users/aryanmalla/PycharmProjects/Skin-Care-AI/dataset_sources/extracted/facial_skin_concerns/dataset/wrinkles/86_jpg.rf.17c09e772a052a016e1ca8db698f9ed6.jpg,facial_skin_concerns,wrinkles,dup_04186,full_face,train,-1,-1,-1,-1,1,3,Existing training image; judge each concern independently,"Review unknown dark spots, redness, and pores; unknown is valid if not visible"
933f9969d79a7360,/Users/aryanmalla/PycharmProjects/Skin-Care-AI/dataset_sources/extracted/facial_skin_concerns/dataset/Redness/combination_-_5e9b1c6b02764f2c2259_jpg.rf.a3439bfa6d609271e1c7f58a02298b86.jpg,facial_skin_concerns,Redness,dup_00537,facial_closeup,train,-1,-1,-1,-1,-1,3,Existing training image; judge each concern independently,"Review unknown dark spots, redness, and pores; unknown is valid if not visible"
93a0554ddff2d250,/Users/aryanmalla/PycharmProjects/Skin-Care-AI/dataset_sources/extracted/facial_skin_concerns/dataset/wrinkles/wrinkle180.png,facial_skin_concerns,wrinkles,15ca661e797f851cf1774cbcd520b529a2ce1239bf19edfcc9b99d6a4efa7974,facial_closeup,train,-1,-1,-1,-1,1,3,Existing training image; judge each concern independently,"Review unknown dark spots, redness, and pores; unknown is valid if not visible"
94540fb860fd14db,/Users/aryanmalla/PycharmProjects/Skin-Care-AI/dataset/Conditions/Dark Spot/8156d885-5dd2-4cd4-9a2a-c52d5982fd53.jpg,existing_conditions,Dark Spot,dup_02123,full_face,train,-1,-1,-1,-1,-1,3,Existing training image; judge each concern independently,"Review unknown dark spots, redness, and pores; unknown is valid if not visible"
94971328e8a8b212,/Users/aryanmalla/PycharmProjects/Skin-Care-AI/dataset_sources/extracted/facial_skin_concerns/dataset/Redness/various_selfie_skin_with_many_pores_4c897291396be7fbbcee_jpg.rf.4c6ea21c6d097288566375b11ed8e0a8.jpg,facial_skin_concerns,Redness,81e16e9858f4f1ad94763f6aa9487725af015f2d72d3c5fafcd04a093af5adde,facial_closeup,train,-1,-1,-1,-1,-1,3,Existing training image; judge each concern independently,"Review unknown dark spots, redness, and pores; unknown is valid if not visible"
956ea3383f2f0484,/Users/aryanmalla/PycharmProjects/Skin-Care-AI/dataset_sources/extracted/facial_skin_concerns/dataset/wrinkles/56_jpg.rf.b90a4c1601f46a4a08885b5d09274069.jpg,facial_skin_concerns,wrinkles,dup_04109,facial_closeup,train,-1,-1,-1,-1,1,3,Existing training image; judge each concern independently,"Review unknown dark spots, redness, and pores; unknown is valid if not visible"
96110ad248ed940d,/Users/aryanmalla/PycharmProjects/Skin-Care-AI/dataset/Conditions/Dark Spot/88.jpg,existing_conditions,Dark Spot,a39a2fccaa11d4d28b4523b200bf527f4f7263aa9e04f2fcba013aaa5ae0a69b,facial_closeup,train,-1,-1,-1,-1,-1,3,Existing training image; judge each concern independently,"Review unknown dark spots, redness, and pores; unknown is valid if not visible"
967f31f8bf542946,/Users/aryanmalla/PycharmProjects/Skin-Care-AI/dataset_sources/extracted/facial_skin_concerns/dataset/wrinkles/wrinkles86.png,facial_skin_concerns,wrinkles,bad4ae3c28739fb5e6d4de3040bde733d115d4f58a90c426e18905a42711b2e8,facial_closeup,train,-1,-1,-1,-1,1,3,Existing training image; judge each concern independently,"Review unknown dark spots, redness, and pores; unknown is valid if not visible"
977698e677ea96b7,/Users/aryanmalla/PycharmProjects/Skin-Care-AI/dataset_sources/extracted/facial_skin_concerns/dataset/Redness/combination_-_5e9b1c6b02764f2c2259_jpg.rf.e9f5e7f8b2d714490d788a93117dc27e.jpg,facial_skin_concerns,Redness,dup_00537,facial_closeup,train,-1,-1,-1,-1,-1,3,Existing training image; judge each concern independently,"Review unknown dark spots, redness, and pores; unknown is valid if not visible"
97f9464924439467,/Users/aryanmalla/PycharmProjects/Skin-Care-AI/dataset_sources/extracted/facial_skin_concerns/dataset/wrinkles/wrinkles64.png,facial_skin_concerns,wrinkles,57545ed94fa02cb986c845c6248af7789b81ee5f4a5530498b40b184aa0eecf4,facial_closeup,train,-1,-1,-1,-1,1,3,Existing training image; judge each concern independently,"Review unknown dark spots, redness, and pores; unknown is valid if not visible"
9a4ff21f0baa93a4,/Users/aryanmalla/PycharmProjects/Skin-Care-AI/dataset_sources/extracted/facial_skin_concerns/dataset/wrinkles/269_jpg.rf.43aeca3959ab8bce3ba3cfe45d56784e.jpg,facial_skin_concerns,wrinkles,dup_04033,full_face,train,-1,-1,-1,-1,1,3,Existing training image; judge each concern independently,"Review unknown dark spots, redness, and pores; unknown is valid if not visible"
9ca6c60f44e740a8,/Users/aryanmalla/PycharmProjects/Skin-Care-AI/dataset_sources/extracted/facial_skin_concerns/dataset/wrinkles/wrinkles60.png,facial_skin_concerns,wrinkles,c8b428d190b6dceb5a914f88f49cad506aa19c639def0453032986451724c27a,full_face,train,-1,-1,-1,-1,1,3,Existing training image; judge each concern independently,"Review unknown dark spots, redness, and pores; unknown is valid if not visible"
9d60112f947d7973,/Users/aryanmalla/PycharmProjects/Skin-Care-AI/dataset/Conditions/Dark Spot/1c6c36fb-8904-46fa-bbdf-c0338df75f60.jpg,existing_conditions,Dark Spot,dup_00261,facial_closeup,train,-1,-1,-1,-1,-1,3,Existing training image; judge each concern independently,"Review unknown dark spots, redness, and pores; unknown is valid if not visible"
9d60caf1a81e42f8,/Users/aryanmalla/PycharmProjects/Skin-Care-AI/dataset_sources/extracted/facial_skin_concerns/dataset/Redness/combination_-_3b8da74ffcff4f91461f_jpg.rf.1647fae6373290771918df9621a478bf.jpg,facial_skin_concerns,Redness,dup_03426,full_face,train,-1,-1,-1,-1,-1,3,Existing training image; judge each concern independently,"Review unknown dark spots, redness, and pores; unknown is valid if not visible"
9dc1b7b7e7a27afc,/Users/aryanmalla/PycharmProjects/Skin-Care-AI/dataset/Conditions/Dark Spot/6aef60e0-7b80-49ab-b6dc-aef2df465f76.jpg,existing_conditions,Dark Spot,dup_00865,full_face,train,-1,-1,-1,-1,-1,3,Existing training image; judge each concern independently,"Review unknown dark spots, redness, and pores; unknown is valid if not visible"
9de7f9eb2b2c7bbd,/Users/aryanmalla/PycharmProjects/Skin-Care-AI/dataset/Conditions/Rosacea/rosacea-91.jpeg,existing_conditions,Rosacea,70b757862902f2208720cec3d0d2eab2f0226c2fe920b43421c5c089f0cb73a0,facial_closeup,train,-1,-1,-1,-1,-1,3,Existing training image; judge each concern independently,"Review unknown dark spots, redness, and pores; unknown is valid if not visible"
9f1cb881a8338ade,/Users/aryanmalla/PycharmProjects/Skin-Care-AI/dataset_sources/extracted/facial_skin_concerns/dataset/Redness/combination_-_b36a7b4c24f364d5c1f1_jpg.rf.a509e04c0db90a37d0689b318933eb79.jpg,facial_skin_concerns,Redness,dup_03430,facial_closeup,train,-1,-1,-1,-1,-1,3,Existing training image; judge each concern independently,"Review unknown dark spots, redness, and pores; unknown is valid if not visible"
9f64840f0071ff3c,/Users/aryanmalla/PycharmProjects/Skin-Care-AI/dataset_sources/extracted/facial_skin_concerns/dataset/pores/71_PNG_jpg.rf.5d9ac770648854e24a20855f78b810c7.jpg,facial_skin_concerns,pores,dup_01275,facial_closeup,train,-1,-1,-1,-1,-1,3,Existing training image; judge each concern independently,"Review unknown dark spots, redness, and pores; unknown is valid if not visible"
a03437f25a079be5,/Users/aryanmalla/PycharmProjects/Skin-Care-AI/dataset_sources/extracted/facial_skin_concerns/dataset/pigmentation/images-18-copy_jpeg_jpg.rf.84b7ea82bb468dd4003b53d2c53d63d3.jpg,facial_skin_concerns,pigmentation,8e904e58f28ae8948bd097952079ff48473d5b3a00ca0c447e5c88d4874a6d30,full_face,train,-1,-1,-1,-1,-1,3,Existing training image; judge each concern independently,"Review unknown dark spots, redness, and pores; unknown is valid if not visible"
a03910c1dea09201,/Users/aryanmalla/PycharmProjects/Skin-Care-AI/dataset/Conditions/Dark Spot/28d57376-7104-46f9-9808-a677ad93d838.jpg,existing_conditions,Dark Spot,dup_00174,facial_closeup,train,-1,-1,-1,-1,-1,3,Existing training image; judge each concern independently,"Review unknown dark spots, redness, and pores; unknown is valid if not visible"
a09eb4eb0221ae92,/Users/aryanmalla/PycharmProjects/Skin-Care-AI/dataset/Conditions/Dark Spot/68c42e9c-5bc4-4469-a60c-000353f8c054.jpg,existing_conditions,Dark Spot,dup_00864,full_face,train,-1,-1,-1,-1,-1,3,Existing training image; judge each concern independently,"Review unknown dark spots, redness, and pores; unknown is valid if not visible"
