id,name,slug,brand_name,price,strikePrice,offPercent,variantType,ratings,totalRatings,ratedBy,image_url
69cf9eed56d47a4754c8a5fe,Bright Intense Serum Sachet,bright-intense-serum-sachet-392,Novage +,200,200,0,Size,0,0,0,https://oriflamenepal.s3.ap-south-1.amazonaws.com/product_images/product_images-1775213807458.jpeg
69cf9be156d47a4754c8a529,Wrinkle Smooth Serum Sachet,wrinkle-smooth-serum-sachet-391,Novage +,200,200,0,Size,0,0,0,https://oriflamenepal.s3.ap-south-1.amazonaws.com/product_images/product_images-1775213532903.jpeg
699a9e5756d47a4754bc7f2b,Opt Optimals Even Out Rich Cream,opt-optimals-even-out-rich-cream-389,OPTIMALS,2190,2190,0,Size,0,0,0,https://oriflamenepal.s3.ap-south-1.amazonaws.com/product_images/product_images-1771740744420.jpeg
6996cb8e56d47a4754bbb7e0,Opt Optimals Hydra Radiance Rich Cream,opt-optimals-hydra-radiance-rich-cream-388,OPTIMALS,1490,1490,0,Size,0,0,0,https://oriflamenepal.s3.ap-south-1.amazonaws.com/product_images/product_images-1771490183487.jpeg
6996c9a356d47a4754bbb647,Opt Optimals Hydra Radiance Light Cream,opt-optimals-hydra-radiance-light-cream-387,OPTIMALS,1490,1490,0,Size,0,0,0,https://oriflamenepal.s3.ap-south-1.amazonaws.com/product_images/product_images-1771489675500.jpeg
6996be2156d47a4754bbb160,SOS Blemish Gel,sos-blemish-gel-386,Pure Skin,890,890,0,Size,0,0,0,https://oriflamenepal.s3.ap-south-1.amazonaws.com/product_images/product_images-1771486742677.jpeg
6996bcee56d47a4754bbafd5,Clarifying Toning Solution,clarifying-toning-solution-385,Pure Skin,1090,1090,0,Size,0,0,0,https://oriflamenepal.s3.ap-south-1.amazonaws.com/product_images/product_images-1771486433591.webp
6996bb2a56d47a4754bbada9,Firming Night Cream,firming-night-cream-384,ROYAL VELVET,2690,2690,0,Size,0,0,0,https://oriflamenepal.s3.ap-south-1.amazonaws.com/product_images/product_images-1771485986244.jpeg
6996b9d456d47a4754bbabd9,Firming Day Cream SPF 20,firming-day-cream-spf-20-383,ROYAL VELVET,2690,2690,0,Size,0,0,0,https://oriflamenepal.s3.ap-south-1.amazonaws.com/product_images/product_images-1771485632248.jpeg
6996b87b56d47a4754bbaa96,OPT Optimals Even Out Light Cream,opt-optimals-even-out-light-cream-382,OPTIMALS,2190,2190,0,Size,0,0,0,https://oriflamenepal.s3.ap-south-1.amazonaws.com/product_images/product_images-1771485274250.jpeg
6975a0f856d47a4754b22a41,Opt Optimals Foaming Gel Cleanser,opt-optimals-foaming-gel-cleanser-381,OPTIMALS,1190,1190,0,Size,0,0,0,https://oriflamenepal.s3.ap-south-1.amazonaws.com/product_images/product_images-1769316594266.jpeg
695355f456d47a4754a7d9b1,Smoothing Face Scrub,smoothing-face-scrub-380,Pure Skin,890,890,0,Size,0,0,0,https://oriflamenepal.s3.ap-south-1.amazonaws.com/product_images/product_images-1767069158878.jpeg
69047a4156d47a47549c9cf8,Purifying Clay Face Mask,purifying-clay-face-mask-367,OPTIMALS,1170,1300,10,Size,5,5,1,https://oriflamenepal.s3.ap-south-1.amazonaws.com/product_images/product_images-1766916389507.webp
6903220756d47a47549c6385,Opt Optimals Even Out Serum,opt-optimals-even-out-serum-359,OPTIMALS,1980,2200,10,Size,0,0,0,https://oriflamenepal.s3.ap-south-1.amazonaws.com/product_images/product_images-1761812884567.jpeg
69031f5856d47a47549c615e,Opt Optimals Eye & Lip Contour Cream,opt-optimals-eye-lip-contour-cream-358,OPTIMALS,1400,1400,0,Size,0,0,0,https://oriflamenepal.s3.ap-south-1.amazonaws.com/product_images/product_images-1761812306875.jpeg
68ae85f6b7d806fe3eb7b2a1,"Radiance Facial Kit with Organic Milk, Honey and Turmeric",radiance-facial-kit-with-organic-milk-honey-and-turmeric-345,Love Nature,2990,2990,0,Size,5,5,1,https://oriflamenepal.s3.ap-south-1.amazonaws.com/product_images/product_images-1760847353456.jpeg
684815d11c5b5b6c89380840,Opt Optimals Soft Creamy Cleanser,opt-optimals-soft-creamy-cleanser-316,OPTIMALS,1190,1190,0,Size,5,15,3,https://oriflamenepal.s3.ap-south-1.amazonaws.com/product_images/product_images-1749554457975.jpeg
684813ee1c5b5b6c89380776,ROYAL VELVET Firming Eye Contour Cream,firming-eye-contour-cream-315,ROYAL VELVET,1990,1990,0,Size,5,5,1,https://oriflamenepal.s3.ap-south-1.amazonaws.com/product_images/product_images-1749554035920.jpeg
6848125e1c5b5b6c893806b3,Up-Loved Purifying Face Scrub with upcycled apple & organic kale,up-loved-purifying-face-scrub-with-upcycled-apple-organic-kale-314,Love Nature,200,200,0,Size,0,0,0,https://oriflamenepal.s3.ap-south-1.amazonaws.com/product_images/product_images-1749553683036.jpeg
68480bc41c5b5b6c8938042a,"Nourishing Body, Face & Hair Oil with organic Avocado oil",nourishing-body-face-hair-oil-with-organic-avocado-oil-313,Love Nature,990,990,0,Size,5,10,2,https://oriflamenepal.s3.ap-south-1.amazonaws.com/product_images/product_images-1749551771107.jpeg
68467dc51c5b5b6c89379ba9,Multi-Purpose Cream with Vitamin E & Canola Oil,multi-purpose-cream-with-vitamin-e-canola-oil-295,essentials,890,890,0,Size,4.5,4.5,1,https://oriflamenepal.s3.ap-south-1.amazonaws.com/product_images/product_images-1749470313964.jpeg
684666361c5b5b6c89378c7c,Opt Optimals The Beyond Moisturiser SPF25,opt-optimals-the-beyond-moisturiser-spf25-292,OPTIMALS,2490,2490,0,Size,4.8,14.5,3,https://oriflamenepal.s3.ap-south-1.amazonaws.com/product_images/product_images-1749443781195.jpeg
6846644a1c5b5b6c89378a23,Opt Optimals Daily Glow Multi-Protector SPF50,opt-optimals-daily-glow-multi-protector-spf50-291,OPTIMALS,1390,1390,0,Size,0,0,0,https://oriflamenepal.s3.ap-south-1.amazonaws.com/product_images/product_images-1749443298841.jpeg
67a9dea2b3d7ead9a16c5916,Bright Intense Eye Cream,bright-intense-eye-cream-289,NovAGE,1445,2890,50,Size,0,0,0,https://oriflamenepal.s3.ap-south-1.amazonaws.com/product_images/product_images-1770889773585.jpeg
67a5d18e3363de357ef91304,Pure Skin Pore Clearing Peel-off Mask,pure-skin-pore-clearing-peel-off-mask-288,Pure Skin,801,890,10,Size,0,0,0,https://oriflamenepal.s3.ap-south-1.amazonaws.com/product_images/product_images-1766994010046.webp
66ed1ef16c00fd9729f65c3a,Multi-Active Anti-Ageing Day Cream Rich,multi-active-anti-ageing-day-cream-rich-275,Novage +,2754,4590,40,Size,0,0,0,https://oriflamenepal.s3.ap-south-1.amazonaws.com/product_images/product_images-1739171308794.jpeg
66ed0b9b6c00fd9729f655a0,Hydra Radiance Day Cream Light,hydra-radiance-day-cream-light-264,OPTIMALS,1521,1690,10,Size,0,0,0,https://oriflamenepal.s3.ap-south-1.amazonaws.com/product_images/product_images-1726810644762.webp
66d58b736c00fd9729f42e0c,Urban Guard 3D Mist,urban-guard-3d-mist-262,OPTIMALS,1341,1490,10,Size,0,0,0,https://oriflamenepal.s3.ap-south-1.amazonaws.com/product_images/product_images-1744713881617.jpeg
66d586da6c00fd9729f42c6c,Hydra Radiance Eye Cream,hydra-radiance-eye-cream-260,OPTIMALS,1341,1490,10,Size,5,5,1,https://oriflamenepal.s3.ap-south-1.amazonaws.com/product_images/product_images-1725269704189.jpeg
66d5541e6c00fd9729f42190,Hydra Radiance Night Cream Light,hydra-radiance-night-cream-light-256,OPTIMALS,1701,1890,10,Size,0,0,0,https://oriflamenepal.s3.ap-south-1.amazonaws.com/product_images/product_images-1725256626402.jpeg
66d464076c00fd9729f410f6,3-in-1 Clear-Out Clay Bar Cleanser,3-in-1-clear-out-clay-bar-cleanser-254,Pure Skin,531,590,10,Size,5,5,1,https://oriflamenepal.s3.ap-south-1.amazonaws.com/product_images/product_images-1725195100960.jpeg
66d460be6c00fd9729f41088,Double-Ended Blackhead Remover,double-sided-blackhead-remover-253,Pure Skin,135,149,9,Size,0,0,0,https://oriflamenepal.s3.ap-south-1.amazonaws.com/product_images/product_images-1725194393709.jpeg
66a7c62c6c00fd9729efbc3d,Purifying Face Oil with Organic Tea Tree & Lime,purifying-face-oil-with-organic-tea-tree-lime-228,Love Nature,1490,1490,0,Size,5,40,8,https://oriflamenepal.s3.ap-south-1.amazonaws.com/product_images/product_images-1760850100679.jpeg
66a795e46c00fd9729efb718,Purifying Toner with Organic Tea Tree & Lime,purifying-toner-with-organic-tea-tree-lime-227,Love Nature,990,990,0,Size,5,5,1,https://oriflamenepal.s3.ap-south-1.amazonaws.com/product_images/product_images-1722258852901.jpeg
66a793626c00fd9729efb5fb,Exfoliating Face Scrub,exfoliating-face-scrub-226,OPTIMALS,1071,1190,10,Size,0,0,0,https://oriflamenepal.s3.ap-south-1.amazonaws.com/product_images/product_images-1766121960140.webp
66a78e2f6c00fd9729efb4ff,Even Out Serum,even-out-serum-225,OPTIMALS,2691,2990,10,Size,5,15,3,https://oriflamenepal.s3.ap-south-1.amazonaws.com/product_images/product_images-1722256804749.webp
66a78ce06c00fd9729efb4c3,Age Revive Serum,age-revive-serum-224,OPTIMALS,2511,2790,10,Size,5,15,3,https://oriflamenepal.s3.ap-south-1.amazonaws.com/product_images/product_images-1722256518758.webp
66a78a236c00fd9729efb36e,Targeted 24-hour Blemish Correction,targeted-24-hour-blemish-correction-223,NovAGE,1790,1790,0,Size,0,0,0,https://oriflamenepal.s3.ap-south-1.amazonaws.com/product_images/product_images-1722255805098.jpeg
66a788c06c00fd9729efb2cd,Multi-Active Anti-Ageing Night Cream Rich Sachet,multi-active-anti-ageing-night-cream-rich-sachet-222,Novage +,200,200,0,Size,0,0,0,https://oriflamenepal.s3.ap-south-1.amazonaws.com/product_images/product_images-1722255543059.jpeg
66a788166c00fd9729efb29a,Ecollagen Wrinkle Power Day Cream SPF 35,ecollagen-wrinkle-power-day-cream-spf-35-221,NovAGE,4190,4190,0,Size,0,0,0,https://oriflamenepal.s3.ap-south-1.amazonaws.com/product_images/product_images-1722255342075.jpeg
66a787296c00fd9729efb255,Lift + Firm Eye Cream,lift-firm-eye-cream-220,Novage +,2312,2890,20,None,0,0,0,https://oriflamenepal.s3.ap-south-1.amazonaws.com/product_images/product_images-1722254991182.jpeg
66a784e76c00fd9729efb139,Proceuticals Ultra Light UV-Age Day Shield + SPF 50,proceuticals-ultra-light-uv-age-day-shield-spf-50-219,Novage +,3490,3490,0,Size,5,15,3,https://oriflamenepal.s3.ap-south-1.amazonaws.com/product_images/product_images-1722254467094.jpeg
66a779ec9efc4d23d5f06ba8,Bright Intense Serum,bright-intense-serum-218,Novage +,3912,4890,20,Size,0,0,0,https://oriflamenepal.s3.ap-south-1.amazonaws.com/product_images/product_images-1766897802126.jpeg
66a76f599efc4d23d5f0683f,Skinrelief Pro Resilient Day Cream SPF 30,skinrelief-pro-resilient-day-cream-spf-30-216,NovAGE,4720,5900,20,Size,5,25,5,https://oriflamenepal.s3.ap-south-1.amazonaws.com/product_images/product_images-1722249005474.jpeg
66a76eb79efc4d23d5f0680c,Skinrelief Pro Resilient Night Cream,skinrelief-pro-resilient-night-cream-215,NovAGE,4690,4690,0,Size,5,10,2,https://oriflamenepal.s3.ap-south-1.amazonaws.com/product_images/product_images-1722248444217.jpeg
66a2441a9efc4d23d5f00d16,Skinrelief Pro Resilient Eye Cream,skinrelief-pro-resilient-eye-cream-214,NovAGE,3490,3490,0,Size,5,45,9,https://oriflamenepal.s3.ap-south-1.amazonaws.com/product_images/product_images-1768385498858.jpeg
66a230729efc4d23d5f00973,Supreme Cleansing Gel Sachet,supreme-cleansing-gel-sachet-213,NovAGE,200,200,0,Size,0,0,0,https://oriflamenepal.s3.ap-south-1.amazonaws.com/product_images/product_images-1721905167569.jpeg
66a0ee7f9efc4d23d5eff2c6,Supreme Cleansing Gel,asd-212,NovAGE,1245,2490,50,Size,5,5,1,https://oriflamenepal.s3.ap-south-1.amazonaws.com/product_images/product_images-1721902965250.jpeg
669ce86c9efc4d23d5ef77de,Urban Guard 3D Night Cream,urban-guard-3d-night-cream-209,OPTIMALS,2190,2190,0,Size,0,0,0,https://oriflamenepal.s3.ap-south-1.amazonaws.com/product_images/product_images-1721559136842.jpeg
669ce6629efc4d23d5ef7758,Refresh Gel Cleanser Sachet,refresh-gel-cleanser-sachet-207,Novage +,200,200,0,Size,0,0,0,https://oriflamenepal.s3.ap-south-1.amazonaws.com/product_images/product_images-1722255658080.jpeg
669ce5759efc4d23d5ef7726,Skinrelief Pro Resilient Night Cream Sachet,skinrelief-pro-resilient-night-cream-sachet-206,Novage +,200,200,0,Size,5,10,2,https://oriflamenepal.s3.ap-south-1.amazonaws.com/product_images/product_images-1722254765796.jpeg
669ce4b39efc4d23d5ef76fd,Skinrelief Pro Resilient Day Cream SPF 30 Sachet,skinrelief-pro-resilient-day-cream-spf-30-sachet-205,Novage +,200,200,0,Size,5,25,5,https://oriflamenepal.s3.ap-south-1.amazonaws.com/product_images/product_images-1722254642323.jpeg
669ce3489efc4d23d5ef7661,Multi-Active Anti-Ageing Night Cream Rich,multi-active-anti-ageing-night-cream-rich-204,Novage +,4690,4690,0,Size,0,0,0,https://oriflamenepal.s3.ap-south-1.amazonaws.com/product_images/product_images-1722253988191.jpeg
669ce2539efc4d23d5ef762f,Multi-Active Anti-Ageing Night Cream Light,multi-active-anti-ageing-night-cream-light-203,Novage +,4690,4690,0,Size,0,0,0,https://oriflamenepal.s3.ap-south-1.amazonaws.com/product_images/product_images-1722254213612.jpeg
669ccce29efc4d23d5ef73a6,Multi-Active Anti-Ageing Day Cream Rich SPF 30,multi-active-anti-ageing-day-cream-rich-spf-30-202,Novage +,4590,4590,0,Size,0,0,0,https://oriflamenepal.s3.ap-south-1.amazonaws.com/product_images/product_images-1722253632417.jpeg
669ccc239efc4d23d5ef7332,Multi-Active Anti-Ageing Day Cream Light SPF 30,multi-active-anti-ageing-day-cream-light-spf-30-201,Novage +,4590,4590,0,Size,0,0,0,https://oriflamenepal.s3.ap-south-1.amazonaws.com/product_images/product_images-1722252539886.jpeg
669cc89a9efc4d23d5ef7260,Blemish + Age Defy Serum,blemish-age-defy-serum-200,Novage +,3912,4890,20,Size,0,0,0,https://oriflamenepal.s3.ap-south-1.amazonaws.com/product_images/product_images-1767172048955.jpeg
669cc7ce9efc4d23d5ef721e,Lift + Firm Serum,serum-lift-firm-novage-199,Novage +,4890,4890,0,Size,0,0,0,https://oriflamenepal.s3.ap-south-1.amazonaws.com/product_images/product_images-1722251019393.jpeg
669cc6979efc4d23d5ef71f5,Wrinkle Smooth Serum,wrinkle-smooth-serum-198,Novage +,3912,4890,20,Size,0,0,0,https://oriflamenepal.s3.ap-south-1.amazonaws.com/product_images/product_images-1760854674028.jpeg
669cc5fa9efc4d23d5ef71bd,Wrinkle Smooth Eye Cream,wrinkle-smooth-eye-cream-197,Novage +,2312,2890,20,Size,0,0,0,https://oriflamenepal.s3.ap-south-1.amazonaws.com/product_images/product_images-1766897934984.jpeg
669cc5779efc4d23d5ef7197,Refresh Gel Cleanser,refresh-gel-cleanser-196,Novage +,2990,2990,0,Size,5,30,6,https://oriflamenepal.s3.ap-south-1.amazonaws.com/product_images/product_images-1722249254301.jpeg
669cb0ed9efc4d23d5ef6f03,Skinrelief Pro Resilient Foam Cleanser,skinrelief-pro-resilient-foam-cleanser-194,NovAGE,3990,3990,0,Size,5,30,6,https://oriflamenepal.s3.ap-south-1.amazonaws.com/product_images/product_images-1721544928597.jpeg
669cafd99efc4d23d5ef6ed2,Neck & Decollete Advanced Sculpting Serum,neck-decollete-advanced-sculpting-serum-193,Novage +,4990,4990,0,Size,0,0,0,https://oriflamenepal.s3.ap-south-1.amazonaws.com/product_images/product_images-1721544582682.jpeg
669cacff9efc4d23d5ef6da0,Royal Velvet Ultra Firming Capsules,royal-velvet-ultra-firming-capsules-191,ROYAL VELVET,3272,4090,20,Size,0,0,0,https://oriflamenepal.s3.ap-south-1.amazonaws.com/product_images/product_images-1768388931972.jpeg
6699264d9efc4d23d5ef1dc4,Diamond Cellular Anti-Ageing Cream,zcvzc-190,DIAMONDCELLULAR,3990,3990,0,Size,5,5,1,https://oriflamenepal.s3.ap-south-1.amazonaws.com/product_images/product_images-1721312731104.jpeg
664315579efc4d23d5e4e1b9,Raspberry Multi-purpose Balm,raspberry-multi-purpose-balm-189,TENDER CARE,511,639,20,Size,0,0,0,https://oriflamenepal.s3.ap-south-1.amazonaws.com/product_images/product_images-1767094151806.jpeg
66430f749efc4d23d5e4dfaa,Age Revive Day Cream SPF 15,age-revive-day-cream-spf-15-187,OPTIMALS,2241,2490,10,Size,5,25,5,https://oriflamenepal.s3.ap-south-1.amazonaws.com/product_images/product_images-1715668101134.jpeg
6642ebc59efc4d23d5e4d695,Glow Rise,glow-rise-185,OPTIMALS,1584,1760,10,Size,5,5,1,https://oriflamenepal.s3.ap-south-1.amazonaws.com/product_images/product_images-1739176547231.jpeg
6642e92c9efc4d23d5e4d557,Glow Essentials Face Cream with Vitamins E & B3,glow-essentials-face-cream-with-vitamins-e-b3-184,essentials,990,990,0,Size,0,0,0,https://oriflamenepal.s3.ap-south-1.amazonaws.com/product_images/product_images-1722271835993.jpeg
6627a48d9efc4d23d5e0a892,Tender Care Natural Multipurpose Balm,tender-care-natural-multipurpose-balm-182,TENDER CARE,511,639,20,Size,0,0,0,https://oriflamenepal.s3.ap-south-1.amazonaws.com/product_images/product_images-1766918825608.jpeg
65605f7b9efc4d23d5cc6763,Glow Essentials Face Wash with Vitamins E & B3,glow-essentials-face-wash-with-vitamins-e-b3-177,essentials,590,590,0,Size,0,0,0,https://oriflamenepal.s3.ap-south-1.amazonaws.com/product_images/product_images-1741948497737.jpeg
651567559efc4d23d5c691e1,Brilliance Infinite Luminosity Day Cream SPF30,brilliance-infinite-luminosity-day-cream-spf30-171,NovAGE,3990,3990,0,Size,0,0,0,https://oriflamenepal.s3.ap-south-1.amazonaws.com/product_images/product_images-1756701735894.jpeg
651558a09efc4d23d5c68cab,Hydra Radiance Serum,hydra-radiance-serum-163,OPTIMALS,1971,2190,10,Size,0,0,0,https://oriflamenepal.s3.ap-south-1.amazonaws.com/product_images/product_images-1725269163170.jpeg
6515570b9efc4d23d5c68c77,Age Revive Eye Cream,age-revive-eye-cream-162,OPTIMALS,1296,1440,10,Size,0,0,0,https://oriflamenepal.s3.ap-south-1.amazonaws.com/product_images/product_images-1722256385170.jpeg
6515544c9efc4d23d5c68b4d,Comforting Facial Toner,comforting-facial-toner-161,OPTIMALS,1007,1119,10,Size,5,20,4,https://oriflamenepal.s3.ap-south-1.amazonaws.com/product_images/product_images-1766993820860.jpeg
651550089efc4d23d5c68a43,Mattifying & Cooling Face Lotion,mattifying-cooling-face-lotion-160,Pure Skin,950,1055,10,Size,5,10,2,https://oriflamenepal.s3.ap-south-1.amazonaws.com/product_images/product_images-1739176722234.jpeg
64f5997b7be21bca2a3fe2eb,Urban Guard 3D Day Cream SPF 25,urban-guard-3d-day-cream-spf-25-159,OPTIMALS,1791,1990,10,Size,0,0,0,https://oriflamenepal.s3.ap-south-1.amazonaws.com/product_images/product_images-1722258544759.jpeg
64eed86c7be21bca2a3ed447,Optimals Clarifying Creamy Cleanser,optimals-clarifying-creamy-cleanser-157,OPTIMALS,1290,1290,0,Size,5,25,5,https://oriflamenepal.s3.ap-south-1.amazonaws.com/product_images/product_images-1756791794545.webp
64eed1e97be21bca2a3ecf04,Pure Skin Deep Cleanse Face Wash,pure-skin-deep-cleanse-face-wash-156,Pure Skin,981,1090,10,Size,5,10,2,https://oriflamenepal.s3.ap-south-1.amazonaws.com/product_images/product_images-1739529893896.jpeg
64cc7ff8f9bffa200e7e5a93,Radiance Face Gel with Organic Apricot & Orange,radiance-face-gel-with-organic-apricot-orange-154,Love Nature,699,699,0,Size,0,0,0,https://oriflamenepal.s3.ap-south-1.amazonaws.com/product_images/product_images-1739176622848.jpeg
64c8e9bcf9bffa200e7d1754,LOVE NATURE Mattifying Face Lotion with Organic Tea Tree & Lime,love-nature-mattifying-face-lotion-with-organic-tea-tree-lime-152,Love Nature,890,890,0,Size,5,10,2,https://oriflamenepal.s3.ap-south-1.amazonaws.com/product_images/product_images-1722270096632.jpeg
64c8a1baf9bffa200e7ce5b2,NOVAGE Brilliance Infinite Luminosity Serum,novage-brilliance-infinite-luminosity-serum-145,NovAGE,4290,4290,0,Size,0,0,0,https://oriflamenepal.s3.ap-south-1.amazonaws.com/product_images/product_images-1756808590748.jpeg
643f9f2ca5ea5e75519f41d8,Purifying Gel Wash with Organic Tea Tree & Lime,purifying-gel-wash-with-organic-tea-tree-lime-114,Love Nature,790,790,0,Size,5,65,13,https://oriflamenepal.s3.ap-south-1.amazonaws.com/product_images/product_images-1760846182659.jpeg
643f90d2a5ea5e75519f31e4,Even Out Eye Cream,even-out-eye-cream-112,OPTIMALS,1431,1590,10,Size,0,0,0,https://oriflamenepal.s3.ap-south-1.amazonaws.com/product_images/product_images-1744782394981.jpeg
643f8e31a5ea5e75519f2fca,Blackcurrant Multi-purpose Balm,blackcurrant-multi-purpose-balm-110,TENDER CARE,511,639,20,Size,5,5,1,https://oriflamenepal.s3.ap-south-1.amazonaws.com/product_images/product_images-1766918906026.jpeg
640d6f4535cf77dd6ad44a27,Even Out Night Cream,even-out-night-cream-91,OPTIMALS,2151,2390,10,Size,4.9,64,13,https://oriflamenepal.s3.ap-south-1.amazonaws.com/product_images/product_images-1766918411252.jpeg
640d6ccb35cf77dd6ad44a04,Multi-Protection UV Day Shield SPF 50,multi-protection-uv-day-shield-spf-50-90,OPTIMALS,1790,1790,0,Size,0,0,0,https://oriflamenepal.s3.ap-south-1.amazonaws.com/product_images/product_images-1722258381907.jpeg
640d6afb35cf77dd6ad449e1,Optimals Even Out Day Cream SPF 20,even-out-day-cream-spf-20-89,OPTIMALS,1971,2190,10,Size,4.9,44,9,https://oriflamenepal.s3.ap-south-1.amazonaws.com/product_images/product_images-1766918491617.jpeg
63faeeec9a04a232b29e3bd6,Glow Essentials Face Cream with Vitamins E & B3 SPF 10,glow-essentials-face-cream-with-vitamins-e-b3-spf-10-88,essentials,449,449,0,Size,5,5,1,https://oriflamenepal.s3.ap-south-1.amazonaws.com/product_images/product_images-1739165984272.jpeg
63faed9e9a04a232b29e3b8f,Deep Cleansing Gel,deep-cleansing-gel-87,OPTIMALS,1290,1290,0,Size,5,5,1,https://oriflamenepal.s3.ap-south-1.amazonaws.com/product_images/product_images-1739171191017.jpeg
63f8add89a04a232b29e3098,Hydra Radiance Day Cream Rich,hydra-radiance-day-cream-rich-86,OPTIMALS,1690,1690,0,Size,0,0,0,https://oriflamenepal.s3.ap-south-1.amazonaws.com/product_images/product_images-1739171155598.jpeg
63f8a78c9a04a232b29e3046,Age Revive Night Cream,age-revive-night-cream-85,OPTIMALS,2231,2479,10,Size,5,25,5,https://oriflamenepal.s3.ap-south-1.amazonaws.com/product_images/product_images-1739165318634.jpeg
63f8990a9a04a232b29e2efd,Purifying 2-in-1 Mask & Scrub with Organic Tea Tree & Lime,purifying-2-in-1-mask-scrub-with-organic-tea-tree-lime-80,Love Nature,990,990,0,Size,5,5,1,https://oriflamenepal.s3.ap-south-1.amazonaws.com/product_images/product_images-1739181206807.jpeg
63f854139a04a232b29e2643,Night Restorative Treatment,night-restorative-treatment-64,DIAMONDCELLULAR,3999,3999,0,Size,5,5,1,https://oriflamenepal.s3.ap-south-1.amazonaws.com/product_images/product_images-1691473770599.jpeg
63f8527b9a04a232b29e2613,Urban Guard 3D Multifunctional Cleanser,urban-guard-3d-multifunctional-cleanser-63,OPTIMALS,1521,1690,10,Size,0,0,0,https://oriflamenepal.s3.ap-south-1.amazonaws.com/product_images/product_images-1739181124887.jpeg
63f607e10bfe806b68d24273,Refreshing Face Wash with Organic Green Tea,refreshing-face-wash-with-organic-green-tea-53,Love Nature,499,499,0,Size,5,5,1,https://oriflamenepal.s3.ap-south-1.amazonaws.com/product_images/product_images-1739176858193.jpeg
