image_id,original_path,source,original_label,duplicate_group,image_scope,split,blemishes,dark_spots,redness,visible_pores,fine_lines
6973f0cbc88d1833,/Users/aryanmalla/PycharmProjects/Skin-Care-AI/dataset_sources/extracted/facial_skin_concerns/dataset/pores/22_PNG_jpg.rf.f8873e4193dcd7c7345be1a8d2767da3.jpg,facial_skin_concerns,pores,dup_01238,facial_closeup,train,-1,-1,-1,-1,-1
338b60ca37961254,/Users/aryanmalla/PycharmProjects/Skin-Care-AI/dataset_sources/extracted/facial_skin_concerns/dataset/wrinkles/wrinkles131.png,facial_skin_concerns,wrinkles,af6e8af3abd9ce7d5b8b129447e3f9e03d551fd13b7c83dbe9d9d01e460bd2f3,facial_closeup,train,-1,-1,-1,-1,1
28968516cf67fd77,/Users/aryanmalla/PycharmProjects/Skin-Care-AI/dataset_sources/extracted/facial_skin_concerns/dataset/wrinkles/54_jpg.rf.c783764b238796cfcffe613b79c5bbf8.jpg,facial_skin_concerns,wrinkles,dup_00683,full_face,train,-1,-1,-1,-1,1
1bffd244d5979894,/Users/aryanmalla/PycharmProjects/Skin-Care-AI/dataset_sources/extracted/facial_skin_concerns/dataset/wrinkles/52_jpg.rf.1f1de4e63b68a5d7f60893d5aa61d2e4.jpg,facial_skin_concerns,wrinkles,dup_00349,full_face,train,-1,-1,-1,-1,1
a42628db3ddff9c3,/Users/aryanmalla/PycharmProjects/Skin-Care-AI/dataset_sources/extracted/acne04/acne2_1024/levle2_7.jpg,acne04_level2,acne2_1024,6f85ccfb5ad32a02bea56354b6a03becc8e244891fb0de0fa028370e76ee72c6,full_face,train,1,0,1,1,0
e006b415cdfdb2bd,/Users/aryanmalla/PycharmProjects/Skin-Care-AI/dataset_sources/extracted/facial_skin_concerns/dataset/wrinkles/67_jpg.rf.549b98cd7b773a9c34d0ba050ea841a5.jpg,facial_skin_concerns,wrinkles,dup_04145,facial_closeup,train,-1,-1,-1,-1,1
13437063b565a454,/Users/aryanmalla/PycharmProjects/Skin-Care-AI/dataset_sources/extracted/facial_skin_concerns/dataset/Redness/seed0573_png.rf.a7b4ebb7017340dd6c0bbb696691d0e5.jpg,facial_skin_concerns,Redness,2438d95ad0e4a0a6cca22242a8f5538f3fd55f618ad7e70deac7762087e4dc78,facial_closeup,train,1,-1,-1,-1,-1
46cae7e88989329b,/Users/aryanmalla/PycharmProjects/Skin-Care-AI/dataset_sources/extracted/facial_skin_concerns/dataset/pigmentation/yt-LrMrhZhlHyU-0191_jpg.rf.fa403bb05149ca16746c17d58a1ea1c5.jpg,facial_skin_concerns,pigmentation,11bdc04e53c7165e7d46acc156371c7c388c1a1858dca918a7950074de1c4e4c,full_face,train,-1,-1,-1,-1,-1
8b64a52d704863cf,/Users/aryanmalla/PycharmProjects/Skin-Care-AI/dataset_sources/extracted/facial_skin_concerns/dataset/wrinkles/wrinkles28.png,facial_skin_concerns,wrinkles,2f4be19fc394d77ae9d659c364c229e615c03e59d909132c15e5f9641194f50a,full_face,train,-1,-1,-1,-1,1
a420a7a77f423730,/Users/aryanmalla/PycharmProjects/Skin-Care-AI/dataset_sources/extracted/acne04/acne2_1024/levle2_174.jpg,acne04_level2,acne2_1024,29b0c1b704dcf8774233df7f67dabf2349630bc5a8c7f261445bdb2306598e9f,facial_closeup,train,1,0,0,1,0
d11a1d8b5667ef4c,/Users/aryanmalla/PycharmProjects/Skin-Care-AI/dataset_sources/extracted/facial_skin_concerns/dataset/wrinkles/6_jpeg_jpg.rf.cde00279afbf35c2fca22f15c62611ca.jpg,facial_skin_concerns,wrinkles,dup_04154,facial_closeup,train,-1,-1,-1,-1,1
7f3dafa1d9452cad,/Users/aryanmalla/PycharmProjects/Skin-Care-AI/dataset_sources/extracted/facial_skin_concerns/dataset/wrinkles/wrinkles62.png,facial_skin_concerns,wrinkles,dup_01336,full_face,train,-1,-1,-1,-1,1
171cf83f326b1799,/Users/aryanmalla/PycharmProjects/Skin-Care-AI/dataset_sources/extracted/facial_skin_concerns/dataset/wrinkles/wrinkles110.png,facial_skin_concerns,wrinkles,dup_00195,facial_closeup,train,-1,-1,-1,-1,1
d95d52d68961e070,/Users/aryanmalla/PycharmProjects/Skin-Care-AI/dataset/Conditions/Dark Spot/6 (2).jpg,existing_conditions,Dark Spot,dup_00121,full_face,train,-1,-1,-1,-1,-1
c00b0082f27d9602,/Users/aryanmalla/PycharmProjects/Skin-Care-AI/dataset_sources/extracted/facial_skin_concerns/dataset/wrinkles/wrinkle171.png,facial_skin_concerns,wrinkles,dup_01334,full_face,train,-1,-1,-1,-1,1
23eedeb998c2bb7a,/Users/aryanmalla/PycharmProjects/Skin-Care-AI/dataset_sources/extracted/acne04/acne2_1024/levle2_164.jpg,acne04_level2,acne2_1024,500de48e1749a01618b858270f77615a095420b0ea1e3cc4af36c0e386a87ffe,full_face,train,1,-1,1,-1,-1
484b5fd3e66257e5,/Users/aryanmalla/PycharmProjects/Skin-Care-AI/dataset_sources/extracted/facial_skin_concerns/dataset/wrinkles/64_jpg.rf.0730b85487982058776c0794bcf325d3.jpg,facial_skin_concerns,wrinkles,dup_04138,facial_closeup,train,-1,-1,-1,-1,1
bc12d58a14fdc540,/Users/aryanmalla/PycharmProjects/Skin-Care-AI/dataset/Conditions/Acne/acne3.png,existing_conditions,Acne,f666b4e9bbb8a0a4b4e64e415f82cf6924b9d184cfa9137d2da037d9850628f9,facial_closeup,train,1,0,0,-1,0
956ea3383f2f0484,/Users/aryanmalla/PycharmProjects/Skin-Care-AI/dataset_sources/extracted/facial_skin_concerns/dataset/wrinkles/56_jpg.rf.b90a4c1601f46a4a08885b5d09274069.jpg,facial_skin_concerns,wrinkles,dup_04109,facial_closeup,train,-1,-1,-1,-1,1
459b23ad0d4088a0,/Users/aryanmalla/PycharmProjects/Skin-Care-AI/dataset_sources/extracted/facial_skin_concerns/dataset/wrinkles/wrinkles16.png,facial_skin_concerns,wrinkles,dup_04265,full_face,train,-1,-1,-1,-1,1
dbe47f51731a9bda,/Users/aryanmalla/PycharmProjects/Skin-Care-AI/dataset_sources/extracted/facial_skin_concerns/dataset/dark spots/spots158.png,facial_skin_concerns,dark spots,6e09f0ce02b257b3ffe41c536ac3f2df37798b7d38b6e1ce551560964adec57b,facial_closeup,train,-1,-1,-1,1,-1
83368d75931db7ea,/Users/aryanmalla/PycharmProjects/Skin-Care-AI/dataset_sources/extracted/facial_skin_concerns/dataset/inflammatory acne/levle2_141_jpg.rf.cc601efd980b56b530a2d463383085e1 - Copy.jpg,facial_skin_concerns,inflammatory acne,dup_03613,facial_closeup,train,1,0,0,1,0
9dc1b7b7e7a27afc,/Users/aryanmalla/PycharmProjects/Skin-Care-AI/dataset/Conditions/Dark Spot/6aef60e0-7b80-49ab-b6dc-aef2df465f76.jpg,existing_conditions,Dark Spot,dup_00865,full_face,train,-1,-1,-1,-1,-1
b144af6f95f03905,/Users/aryanmalla/PycharmProjects/Skin-Care-AI/dataset/Conditions/Rosacea/Rosacea_139.jpg,existing_conditions,Rosacea,fb79804698ad7b574f0f64c7428ec0d9bfbd20dd035f79ebba6b0f5b514a5128,facial_closeup,train,-1,-1,1,-1,-1
78f3a8e78787906b,/Users/aryanmalla/PycharmProjects/Skin-Care-AI/dataset_sources/extracted/facial_skin_concerns/dataset/pigmentation/melasma54_png_jpg.rf.cff2d357a64902b71b428a194033f260.jpg,facial_skin_concerns,pigmentation,5c319ee305936884389c7819f472373aa0d2a32869a52c267b619b30ea70391c,full_face,train,-1,1,1,-1,-1
17091b58faa54732,/Users/aryanmalla/PycharmProjects/Skin-Care-AI/dataset/Conditions/Dark Spot/75.jpg,existing_conditions,Dark Spot,dup_00116,full_face,train,-1,-1,-1,-1,-1
30d3fa730ef7ed17,/Users/aryanmalla/PycharmProjects/Skin-Care-AI/dataset_sources/extracted/facial_skin_concerns/dataset/Redness/seed0422_png.rf.96fb0c6ec7775158357811fc85b42c92.jpg,facial_skin_concerns,Redness,dup_00004,facial_closeup,train,1,-1,-1,-1,-1
d443de34d0a59a26,/Users/aryanmalla/PycharmProjects/Skin-Care-AI/dataset_sources/extracted/facial_skin_concerns/dataset/pores/39_PNG_jpg.rf.52084e49860b5f70ab74b1149ae72731.jpg,facial_skin_concerns,pores,dup_01252,facial_closeup,train,-1,-1,-1,1,-1
c55042a31c27e934,/Users/aryanmalla/PycharmProjects/Skin-Care-AI/dataset_sources/extracted/facial_skin_concerns/dataset/inflammatory acne/resize (1).jpg,facial_skin_concerns,inflammatory acne,dup_01139,facial_closeup,train,1,0,1,1,0
4226e54a5e3faab9,/Users/aryanmalla/PycharmProjects/Skin-Care-AI/dataset/Conditions/Dark Spot/3e94d530-1288-4672-8e5f-70741b570193.jpg,existing_conditions,Dark Spot,dup_00850,full_face,train,-1,-1,-1,-1,-1
72cb36c02e4063d8,/Users/aryanmalla/PycharmProjects/Skin-Care-AI/dataset_sources/extracted/facial_skin_concerns/dataset/wrinkles/wrinkles208.png,facial_skin_concerns,wrinkles,bed36c142641512b1df0b72efb939e4409be607660080300e280f187db144aa2,facial_closeup,train,-1,-1,-1,-1,1
282ab52aed2806dd,/Users/aryanmalla/PycharmProjects/Skin-Care-AI/dataset_sources/extracted/facial_skin_concerns/dataset/dark spots/spots132.png,facial_skin_concerns,dark spots,7afcfdc66280cc8362b0c02d44e8d430ce1a7d4f249ac066849b59321085a890,facial_closeup,train,1,-1,1,-1,-1
d9d5ce09cd70f93c,/Users/aryanmalla/PycharmProjects/Skin-Care-AI/dataset_sources/extracted/facial_skin_concerns/dataset/pigmentation/36192_png_0_1562_jpeg.rf.cd351a9fbad5107fcbb59fa222bfae0d.jpg,facial_skin_concerns,pigmentation,477dec8ec9edfced36f4cd2959a55ad1d3c7d3272ebede6e1557037ab7a640eb,facial_closeup,train,-1,1,-1,-1,-1
dcc71fd7030fa465,/Users/aryanmalla/PycharmProjects/Skin-Care-AI/dataset/Conditions/Dark Spot/5.jpg,existing_conditions,Dark Spot,dup_00084,facial_closeup,train,-1,1,-1,-1,-1
081ffa9b4ae3d5fc,/Users/aryanmalla/PycharmProjects/Skin-Care-AI/dataset/Conditions/Dark Spot/c5b6cdc7-5654-47d8-87c1-79ac0ba4daba.jpg,existing_conditions,Dark Spot,dup_00016,facial_closeup,train,-1,-1,-1,-1,-1
aa297562cef8c486,/Users/aryanmalla/PycharmProjects/Skin-Care-AI/dataset_sources/extracted/facial_skin_concerns/dataset/Redness/702fe312-redness-450_jpg.rf.c6155060995c5f426cb96a4a0590513b.jpg,facial_skin_concerns,Redness,0f83949b8c5967604900456db57d329b2e83af4e7bd6677652434e34067b6cc8,facial_closeup,train,-1,-1,-1,-1,-1
b57d4d91ade59bff,/Users/aryanmalla/PycharmProjects/Skin-Care-AI/dataset_sources/extracted/facial_skin_concerns/dataset/wrinkles/58_jpg.rf.30fc5100deac555ffb5c0fc816a3e206.jpg,facial_skin_concerns,wrinkles,dup_01316,facial_closeup,train,-1,-1,-1,-1,1
2b96b72a8c8ac4da,/Users/aryanmalla/PycharmProjects/Skin-Care-AI/dataset/Conditions/Acne/acne29.png,existing_conditions,Acne,137506d029454e379d4bc82a1ebc3d017e4b655181d26746185fac6bc1c0a49c,facial_closeup,train,1,-1,1,-1,-1
e406f55b865d1e90,/Users/aryanmalla/PycharmProjects/Skin-Care-AI/dataset_sources/extracted/facial_skin_concerns/dataset/wrinkles/wrinkles92.png,facial_skin_concerns,wrinkles,cdb59eee62059df948f103c3b13d94e04b83dc45ff1957fcc7e31bd00bffd3c8,full_face,train,-1,-1,-1,-1,1
2079c01e545a2749,/Users/aryanmalla/PycharmProjects/Skin-Care-AI/dataset/Conditions/Acne/Acne_266.jpg,existing_conditions,Acne,dup_00386,full_face,train,1,0,1,-1,0
c777c3bdd0e7ee8b,/Users/aryanmalla/PycharmProjects/Skin-Care-AI/dataset_sources/extracted/facial_skin_concerns/dataset/dark spots/efd4b0bd-4be5-4dfb-b118-71de0cde6b7c_jpg.rf.469a291abbc29f41842524268149c266.jpg,facial_skin_concerns,dark spots,dup_00893,facial_closeup,train,-1,-1,-1,-1,-1
5f97169a0cd84ffc,/Users/aryanmalla/PycharmProjects/Skin-Care-AI/dataset_sources/extracted/facial_skin_concerns/dataset/inflammatory acne/levle3_129_jpg.rf.3c5b02174aea44c5ea48b21a08c35abb - Copy.jpg,facial_skin_concerns,inflammatory acne,dup_03615,facial_closeup,train,1,-1,1,-1,-1
dec43b0cbe255845,/Users/aryanmalla/PycharmProjects/Skin-Care-AI/dataset/Conditions/Dark Spot/c047b4bc-c11c-41bf-aa01-a13604fa4b31.jpg,existing_conditions,Dark Spot,dup_00286,facial_closeup,train,-1,1,-1,-1,-1
fa5dde482b6d0bd1,/Users/aryanmalla/PycharmProjects/Skin-Care-AI/dataset_sources/extracted/facial_skin_concerns/dataset/dark spots/melasma46_jpg.rf.3dd7102a844e5e91c475ffb985d77cd3.jpg,facial_skin_concerns,dark spots,dup_00038,facial_closeup,train,-1,1,-1,1,-1
17cd5bd085600a6b,/Users/aryanmalla/PycharmProjects/Skin-Care-AI/dataset_sources/extracted/facial_skin_concerns/dataset/Redness/seed0002_png.rf.65394d6ac6cb34afcb392f6aaed8c93f.jpg,facial_skin_concerns,Redness,dup_03441,facial_closeup,train,1,-1,1,-1,-1
2ba3e5809365c0fe,/Users/aryanmalla/PycharmProjects/Skin-Care-AI/dataset/Conditions/Dark Spot/8386c412-a76b-477a-a5d5-776396d5c145.jpg,existing_conditions,Dark Spot,dup_00176,facial_closeup,train,1,1,-1,-1,-1
84cbe10cd0cc864f,/Users/aryanmalla/PycharmProjects/Skin-Care-AI/dataset_sources/extracted/facial_skin_concerns/dataset/dark spots/85c2340a-6cda-4609-8e08-24019b360531_jpg.rf.c88d637e7efe8c28f79cd51bd69274c4.jpg,facial_skin_concerns,dark spots,dup_00872,facial_closeup,train,-1,-1,-1,-1,-1
4a0901b2e217202d,/Users/aryanmalla/PycharmProjects/Skin-Care-AI/dataset_sources/extracted/facial_skin_concerns/dataset/wrinkles/wrinkles43.png,facial_skin_concerns,wrinkles,61b44f3d201c9c17f8004591c596fc8e9c34635beb60ef788b16ac5430b7dc21,facial_closeup,train,-1,-1,-1,-1,1
e3af9a759da54757,/Users/aryanmalla/PycharmProjects/Skin-Care-AI/dataset_sources/extracted/facial_skin_concerns/dataset/Redness/seed0917_png.rf.071578448d28ebb7c9dcedf10c194381.jpg,facial_skin_concerns,Redness,6e835ffec557381d477ad8734c089c0397cc6b08872d13312c4f0fb04cdf2ce4,facial_closeup,train,1,-1,1,-1,-1
2cf8c6e98bfe2180,/Users/aryanmalla/PycharmProjects/Skin-Care-AI/dataset_sources/extracted/facial_skin_concerns/dataset/pores/59_PNG_jpg.rf.717d9c76f3872f063fdeef6abcae2666.jpg,facial_skin_concerns,pores,dup_00654,facial_closeup,train,-1,-1,-1,1,-1
8d89af4265a9a423,/Users/aryanmalla/PycharmProjects/Skin-Care-AI/dataset_sources/extracted/facial_skin_concerns/dataset/wrinkles/13_jpeg_jpg.rf.86764d7f264a94d31bf8b0da5e2a72b9.jpg,facial_skin_concerns,wrinkles,dup_00104,facial_closeup,train,-1,-1,-1,-1,1
34154bbd2d70afac,/Users/aryanmalla/PycharmProjects/Skin-Care-AI/dataset_sources/extracted/acne04/acne3_1024/levle3_74.jpg,acne04_level3,acne3_1024,7b807628b967b0a499690b55d4dd599302e3e7bfbf1eccb8543bee6bb32aa57c,facial_closeup,train,1,1,1,1,0
692c0b77f633c76c,/Users/aryanmalla/PycharmProjects/Skin-Care-AI/dataset_sources/extracted/facial_skin_concerns/dataset/wrinkles/wrinkle163.png,facial_skin_concerns,wrinkles,95f6b345a94e09eec7f41cd0a33fb57647978d3136cefe95929cc5088368028e,full_face,train,-1,-1,-1,-1,1
1019cde740b08443,/Users/aryanmalla/PycharmProjects/Skin-Care-AI/dataset_sources/extracted/facial_skin_concerns/dataset/pigmentation/melasma54_png_jpg.rf.2e8f1a05e1f912ff0caad0da252ffc96.jpg,facial_skin_concerns,pigmentation,8bef3933b830e10f204959a4252aaf9facf688148f1535915658c4d86fdb5d05,full_face,train,1,-1,1,-1,-1
22432107583b303a,/Users/aryanmalla/PycharmProjects/Skin-Care-AI/dataset/Conditions/Rosacea/3638__ProtectWyJQcm90ZWN0Il0_FocusFillWzI5NCwyMjIsIngiLDFd.jpeg,existing_conditions,Rosacea,5e632e185105ea198e6703e988a006255d669c46ec0e80e976d4263e50f0db2e,facial_closeup,train,-1,-1,1,-1,-1
d0a0f009b092fa2c,/Users/aryanmalla/PycharmProjects/Skin-Care-AI/dataset_sources/extracted/facial_skin_concerns/dataset/pigmentation/17_0_802_jpeg.rf.72f117dc038fa0361443e9192d5ffb60.jpg,facial_skin_concerns,pigmentation,93e83e0ee5dccef00fb7043b87d04b91023d24d73c846a527e9c9f9be5bb6886,full_face,train,-1,-1,-1,-1,-1
860706b82b1665ea,/Users/aryanmalla/PycharmProjects/Skin-Care-AI/dataset_sources/extracted/acne04/acne2_1024/levle2_165.jpg,acne04_level2,acne2_1024,7658729933835eb51af12f26169f63752c7345e5de48d152e75a2f018dbb5c7e,full_face,train,1,1,1,1,-1
edcf97c985d039a9,/Users/aryanmalla/PycharmProjects/Skin-Care-AI/dataset/Conditions/Dark Spot/aea4383c-8a9d-442c-9636-2e5d415458f2.jpg,existing_conditions,Dark Spot,dup_00285,full_face,train,-1,-1,-1,-1,-1
1e4f5fac46ab3ed0,/Users/aryanmalla/PycharmProjects/Skin-Care-AI/dataset_sources/extracted/acne04/acne1_1024/levle1_203.jpg,acne04_level1,acne1_1024,98cee0c9a58dfc28739d89bd783912ea933d3bb86c02ffeb841277713754f217,facial_closeup,train,1,1,1,-1,-1
5e4db3b1230fae14,/Users/aryanmalla/PycharmProjects/Skin-Care-AI/dataset/Conditions/Dark Spot/69731f1a-ff7b-45ae-880b-a0aaac6efda0.jpg,existing_conditions,Dark Spot,dup_00182,facial_closeup,train,1,1,1,-1,-1
2411802ab0cbe34a,/Users/aryanmalla/PycharmProjects/Skin-Care-AI/dataset_sources/extracted/acne04/acne1_1024/levle1_404.jpg,acne04_level1,acne1_1024,1ef1e9f3f9d1e54c7b6942b964d4b34c3cf227c6524afb2fb6a58426623da43c,full_face,train,-1,-1,1,-1,-1
3876d841d3bd2e7a,/Users/aryanmalla/PycharmProjects/Skin-Care-AI/dataset_sources/extracted/facial_skin_concerns/dataset/Redness/seed0193_png.rf.fc65236eb2558cf39676e6931a0f9336 - Copy - Copy.jpg,facial_skin_concerns,Redness,52a6eee98042acf9d54e07dfcb68b8d652abc08c035cbcc751217753655d856e,facial_closeup,train,1,-1,1,-1,-1
45acf2b1839115f8,/Users/aryanmalla/PycharmProjects/Skin-Care-AI/dataset/Conditions/Acne/acne27.png,existing_conditions,Acne,9bddcc5720dc84051f687e0dfcf8bcf90ac818e9399fbb3a13279b2bd94862fc,full_face,train,1,-1,1,-1,-1
94540fb860fd14db,/Users/aryanmalla/PycharmProjects/Skin-Care-AI/dataset/Conditions/Dark Spot/8156d885-5dd2-4cd4-9a2a-c52d5982fd53.jpg,existing_conditions,Dark Spot,dup_02123,full_face,train,-1,-1,-1,-1,-1
91fe3a6af3524fb4,/Users/aryanmalla/PycharmProjects/Skin-Care-AI/dataset_sources/extracted/facial_skin_concerns/dataset/wrinkles/86_jpg.rf.17c09e772a052a016e1ca8db698f9ed6.jpg,facial_skin_concerns,wrinkles,dup_04186,full_face,train,-1,-1,-1,-1,1
20931868ab56a9c8,/Users/aryanmalla/PycharmProjects/Skin-Care-AI/dataset_sources/extracted/facial_skin_concerns/dataset/dark spots/67_jpg.rf.04a2f29453b5f21468673a79e1d9def6.jpg,facial_skin_concerns,dark spots,dup_00017,facial_closeup,train,-1,-1,-1,-1,-1
e904899793321a05,/Users/aryanmalla/PycharmProjects/Skin-Care-AI/dataset_sources/extracted/facial_skin_concerns/dataset/wrinkles/wrinkles137.png,facial_skin_concerns,wrinkles,8432644f8e2a313dddc9b220d4a12869e06580f154978fa4aa77cd8094cb29c5,facial_closeup,train,-1,-1,-1,-1,1
2420d353d63e7c42,/Users/aryanmalla/PycharmProjects/Skin-Care-AI/dataset_sources/extracted/facial_skin_concerns/dataset/wrinkles/57_jpg.rf.c3b14c7fc09536e37853bf81de55f93f.jpg,facial_skin_concerns,wrinkles,dup_04113,facial_closeup,train,-1,-1,-1,-1,1
8d814ef8d70ab182,/Users/aryanmalla/PycharmProjects/Skin-Care-AI/dataset_sources/extracted/facial_skin_concerns/dataset/Redness/combination_-_b36a7b4c24f364d5c1f1_jpg.rf.b5dd8d4d98d516a7d1d5954c44ba10e7.jpg,facial_skin_concerns,Redness,dup_03430,facial_closeup,train,-1,-1,-1,-1,-1
ef7ab0b7be1556a6,/Users/aryanmalla/PycharmProjects/Skin-Care-AI/dataset_sources/extracted/facial_skin_concerns/dataset/Redness/various_selfie-skin-with-many-pores_440a282a4b66c94c9467_jpg.rf.60e7e391ed072a2bc3d793a6fe718192.jpg,facial_skin_concerns,Redness,8caa730b24748a59c4a05893cdebb577b0c6c7fc0e63dff18d7eefcc695c2cda,facial_closeup,train,-1,-1,-1,-1,-1
1030b16869dc78f3,/Users/aryanmalla/PycharmProjects/Skin-Care-AI/dataset_sources/extracted/facial_skin_concerns/dataset/wrinkles/70_jpg.rf.6bab7d5e8df33a218dabc6ecbd66a699.jpg,facial_skin_concerns,wrinkles,dup_04156,full_face,train,-1,-1,-1,-1,1
614c5d3bd54a0c4e,/Users/aryanmalla/PycharmProjects/Skin-Care-AI/dataset/Conditions/Acne/acne58.png,existing_conditions,Acne,dup_02045,facial_closeup,train,1,-1,1,-1,-1
541141026f57433f,/Users/aryanmalla/PycharmProjects/Skin-Care-AI/dataset_sources/extracted/acne04/acne1_1024/levle1_439.jpg,acne04_level1,acne1_1024,ccff0c1d1b34ca75b855975ea4531620dfc856a80ed50589a4489e7d10897ee4,facial_closeup,train,1,0,1,1,0
8d4d820e74bf974e,/Users/aryanmalla/PycharmProjects/Skin-Care-AI/dataset_sources/extracted/facial_skin_concerns/dataset/wrinkles/wrinkles2.png,facial_skin_concerns,wrinkles,dup_00196,facial_closeup,train,-1,-1,-1,-1,1
7770e7581fbe8f7f,/Users/aryanmalla/PycharmProjects/Skin-Care-AI/dataset_sources/extracted/facial_skin_concerns/dataset/wrinkles/349_jpg.rf.eb3d0ad54bb9ce7eecae56fbee3ed7a9.jpg,facial_skin_concerns,wrinkles,dup_04055,full_face,train,-1,-1,-1,-1,-1
c8a9f234e4e75107,/Users/aryanmalla/PycharmProjects/Skin-Care-AI/dataset_sources/extracted/facial_skin_concerns/dataset/wrinkles/wrinkles7_jpg.rf.7cf1d7b4fe6fb10c00fcd7a9fc69f3c2.jpg,facial_skin_concerns,wrinkles,dup_01337,facial_closeup,train,-1,-1,-1,-1,1
ae0d188c5c5507ea,/Users/aryanmalla/PycharmProjects/Skin-Care-AI/dataset_sources/extracted/facial_skin_concerns/dataset/inflammatory acne/OIP (7) - Copy.jpg,facial_skin_concerns,inflammatory acne,dup_00319,facial_closeup,train,1,-1,1,-1,-1
dd9bad2babea8376,/Users/aryanmalla/PycharmProjects/Skin-Care-AI/dataset_sources/extracted/facial_skin_concerns/dataset/wrinkles/364_jpg.rf.c6ee87d75cba14202a24e462b92710f9.jpg,facial_skin_concerns,wrinkles,dup_00343,full_face,train,-1,-1,-1,-1,1
1a25552b7bd5c9b2,/Users/aryanmalla/PycharmProjects/Skin-Care-AI/dataset_sources/extracted/acne04/acne2_1024/levle2_48.jpg,acne04_level2,acne2_1024,e90d42d24db84f7c3a261b7623347eaf606c4ed3397b52526272e59c45f9474d,full_face,train,1,0,1,1,-1
fa778ee7212f5d04,/Users/aryanmalla/PycharmProjects/Skin-Care-AI/dataset_sources/extracted/facial_skin_concerns/dataset/Redness/combination_-_6f7dcab28a16a7ffcf41_jpg.rf.6dd8be976437cf40ff72f382b2180827.jpg,facial_skin_concerns,Redness,dup_01049,facial_closeup,train,-1,-1,-1,-1,-1
871f94a2d84a3026,/Users/aryanmalla/PycharmProjects/Skin-Care-AI/dataset_sources/extracted/facial_skin_concerns/dataset/Redness/seed0115_png.rf.ca6c622a57d94961d49ae87a3a41e4ed.jpg,facial_skin_concerns,Redness,aed016f5c7ff8a979bf05a1a14748b7e06be5804c28bb5b8ee46a5364128e895,facial_closeup,train,1,-1,1,-1,-1
a4bb16b2fbd069c0,/Users/aryanmalla/PycharmProjects/Skin-Care-AI/dataset_sources/extracted/facial_skin_concerns/dataset/wrinkles/5_jpg.rf.989e21f404ccac4907aa2c679d6b6b71.jpg,facial_skin_concerns,wrinkles,dup_04121,facial_closeup,train,-1,-1,-1,-1,1
e7855b041af6679b,/Users/aryanmalla/PycharmProjects/Skin-Care-AI/dataset/Conditions/Acne/acne141.png,existing_conditions,Acne,dup_02023,facial_closeup,train,1,0,1,1,0
e176fe544b854166,/Users/aryanmalla/PycharmProjects/Skin-Care-AI/dataset/Conditions/Dark Spot/433679f8-b278-4787-9f44-b5ad8dde11da.jpg,existing_conditions,Dark Spot,dup_00268,facial_closeup,train,1,1,1,-1,-1
22b1f039508ad7c5,/Users/aryanmalla/PycharmProjects/Skin-Care-AI/dataset/Conditions/Rosacea/Rosacea_151.jpg,existing_conditions,Rosacea,bc1f41834347c1bc4d8a7ea33d2dbd85c27ad22a57534fbe0b377929ebf256d3,facial_closeup,train,-1,-1,1,-1,-1
183b470eaff8c8c8,/Users/aryanmalla/PycharmProjects/Skin-Care-AI/dataset_sources/extracted/acne04/acne3_1024/levle3_112.jpg,acne04_level3,acne3_1024,6b08c832334a9f5adb328407d2fb2a64dc0467fc374c23ef4c4c8b30ed835732,full_face,train,1,0,1,1,0
933f9969d79a7360,/Users/aryanmalla/PycharmProjects/Skin-Care-AI/dataset_sources/extracted/facial_skin_concerns/dataset/Redness/combination_-_5e9b1c6b02764f2c2259_jpg.rf.a3439bfa6d609271e1c7f58a02298b86.jpg,facial_skin_concerns,Redness,dup_00537,facial_closeup,train,-1,-1,-1,-1,-1
f5f96ae23953c91c,/Users/aryanmalla/PycharmProjects/Skin-Care-AI/dataset_sources/extracted/facial_skin_concerns/dataset/Redness/_2250439467_jpg.rf.bc609dd5a3e71a2e005917b44be6fb4e.jpg,facial_skin_concerns,Redness,dup_01047,facial_closeup,train,1,-1,1,-1,-1
842f7a9ba36312ea,/Users/aryanmalla/PycharmProjects/Skin-Care-AI/dataset_sources/extracted/acne04/acne2_1024/levle2_181.jpg,acne04_level2,acne2_1024,e7c93b8f05adfdcf66e029388d2a65ef1e4d1c3454944f1b4dd0bc8217830c13,facial_closeup,train,1,0,1,1,0
876d34512987516c,/Users/aryanmalla/PycharmProjects/Skin-Care-AI/dataset_sources/extracted/acne04/acne3_1024/levle3_4.jpg,acne04_level3,acne3_1024,83102965cff4987698353e23d6e270be837f9df0f3210f269a3132843432d4bf,full_face,train,1,1,1,1,0
6b3050815a57fdf2,/Users/aryanmalla/PycharmProjects/Skin-Care-AI/dataset_sources/extracted/acne04/acne2_1024/levle2_179.jpg,acne04_level2,acne2_1024,40544df6ff9bab58c0e35de4e86c237aab880564f091b9e972759391837a83b4,full_face,train,1,0,1,1,0
2cc790d645e5b33b,/Users/aryanmalla/PycharmProjects/Skin-Care-AI/dataset_sources/extracted/facial_skin_concerns/dataset/dark spots/spots104.png,facial_skin_concerns,dark spots,9fe4c9dfc9c94e5918e896af340f08acae6244cf52c573d0c288c6024d7610cd,facial_closeup,train,1,-1,1,1,-1
fd3b9205646e5983,/Users/aryanmalla/PycharmProjects/Skin-Care-AI/dataset_sources/extracted/acne04/acne3_1024/levle3_44.jpg,acne04_level3,acne3_1024,38fe58d192b3b4786574bdbe38badd7fd594713e104b1efb42de83837e1f9afe,facial_closeup,train,1,1,1,-1,-1
0c06539730734e2b,/Users/aryanmalla/PycharmProjects/Skin-Care-AI/dataset_sources/extracted/facial_skin_concerns/dataset/pigmentation/5_0_2669_jpeg.rf.8526e6cacd566b4fdc93356962a9c207.jpg,facial_skin_concerns,pigmentation,4a393235b2fd86b9fc59e73105a586e220b61b89fcb8910a42d8c1357a16f234,full_face,train,-1,-1,-1,-1,-1
0c581e76f2834ea5,/Users/aryanmalla/PycharmProjects/Skin-Care-AI/dataset_sources/extracted/facial_skin_concerns/dataset/wrinkles/26183_png_jpg.rf.117ee8820ab6302ce8c289c324562f5a.jpg,facial_skin_concerns,wrinkles,dup_04027,facial_closeup,train,-1,-1,-1,-1,1
b998762ad8c25514,/Users/aryanmalla/PycharmProjects/Skin-Care-AI/dataset/Conditions/Dark Spot/28.jpg,existing_conditions,Dark Spot,dup_02112,full_face,train,-1,-1,-1,-1,-1
40c37999d9cd8b08,/Users/aryanmalla/PycharmProjects/Skin-Care-AI/dataset_sources/extracted/facial_skin_concerns/dataset/Redness/seed0758_png.rf.3fc71d22805f1e294c18bbbd8eeb952f - Copy - Copy.jpg,facial_skin_concerns,Redness,8fc9bf3f01a9d4ffa0bc6973c47d9731d0580d4a181f03bd5cd67f1511d2a602,facial_closeup,train,1,-1,1,-1,-1
4d9f0cb4a9789844,/Users/aryanmalla/PycharmProjects/Skin-Care-AI/dataset_sources/extracted/facial_skin_concerns/dataset/Redness/seed0963_png.rf.5e8f691df3eccb62193fd19f3e8e5d52.jpg,facial_skin_concerns,Redness,cf01a47e6691c1541c6232f3cb4f1c799c1c75e263922301d13a031a615278cf,facial_closeup,train,1,-1,1,-1,-1
ee5f075aad9d6d63,/Users/aryanmalla/PycharmProjects/Skin-Care-AI/dataset_sources/extracted/facial_skin_concerns/dataset/wrinkles/34_jpg.rf.c96b652782439c1ee205a7b0288e09cb.jpg,facial_skin_concerns,wrinkles,dup_00676,facial_closeup,train,-1,-1,-1,-1,0
9f045aba12727e12,/Users/aryanmalla/PycharmProjects/Skin-Care-AI/dataset_sources/extracted/facial_skin_concerns/dataset/dark spots/7a5ef40e-dd58-44f5-ab19-380d8fe2ff80_jpg.rf.c351e77b5575e2545f9382f218125ad2.jpg,facial_skin_concerns,dark spots,dup_00275,facial_closeup,train,-1,1,-1,-1,-1
4b9d75921b2e100b,/Users/aryanmalla/PycharmProjects/Skin-Care-AI/dataset_sources/extracted/facial_skin_concerns/dataset/wrinkles/26660_png_jpg.rf.b436e32329fc7dcb2437af03454bc478.jpg,facial_skin_concerns,wrinkles,dup_01302,facial_closeup,train,-1,-1,-1,-1,0
364a9dcb375e9b66,/Users/aryanmalla/PycharmProjects/Skin-Care-AI/dataset_sources/extracted/facial_skin_concerns/dataset/wrinkles/64_jpg.rf.8e04ded3dc45d52bfbd7a2e63fed7de4.jpg,facial_skin_concerns,wrinkles,dup_04140,full_face,train,-1,-1,-1,-1,-1
00d11dace9c302fd,/Users/aryanmalla/PycharmProjects/Skin-Care-AI/dataset_sources/extracted/facial_skin_concerns/dataset/wrinkles/360_jpg.rf.938924a28a5664d28b947f5f59058645.jpg,facial_skin_concerns,wrinkles,dup_04065,facial_closeup,train,-1,-1,-1,-1,1
790b1c133312ab6d,/Users/aryanmalla/PycharmProjects/Skin-Care-AI/dataset_sources/extracted/facial_skin_concerns/dataset/dark spots/spots34.png,facial_skin_concerns,dark spots,6f1cca452d919fdc68e55915ec2f304803fc884035a6695a163113bb7a206c66,facial_closeup,train,-1,1,-1,-1,-1
a2767050f4b03bc5,/Users/aryanmalla/PycharmProjects/Skin-Care-AI/dataset_sources/extracted/facial_skin_concerns/dataset/wrinkles/wrinkles91.png,facial_skin_concerns,wrinkles,dup_03360,facial_closeup,train,-1,-1,-1,-1,1
7b510324c9297234,/Users/aryanmalla/PycharmProjects/Skin-Care-AI/dataset/Conditions/Acne/acne109.png,existing_conditions,Acne,1448d5e287f47dc5b07fcfb54e2fe11d3b5af5a55a1709562c35802425b852c5,facial_closeup,train,1,0,1,1,0
353a1950497b9fac,/Users/aryanmalla/PycharmProjects/Skin-Care-AI/dataset/Conditions/Dark Spot/efd4b0bd-4be5-4dfb-b118-71de0cde6b7c.jpg,existing_conditions,Dark Spot,dup_00893,facial_closeup,train,-1,-1,-1,-1,-1
9d60112f947d7973,/Users/aryanmalla/PycharmProjects/Skin-Care-AI/dataset/Conditions/Dark Spot/1c6c36fb-8904-46fa-bbdf-c0338df75f60.jpg,existing_conditions,Dark Spot,dup_00261,facial_closeup,train,-1,-1,-1,-1,-1
dd3a65e5f3873102,/Users/aryanmalla/PycharmProjects/Skin-Care-AI/dataset_sources/extracted/facial_skin_concerns/dataset/wrinkles/271_jpg.rf.7ef09fa03529071e6caf47fffbcd2eaf.jpg,facial_skin_concerns,wrinkles,dup_00671,facial_closeup,train,-1,-1,-1,-1,1
842a142a23de2b68,/Users/aryanmalla/PycharmProjects/Skin-Care-AI/dataset_sources/extracted/acne04/acne1_1024/levle1_613.jpg,acne04_level1,acne1_1024,4c01f4eacced61d915fe2c2ad76c7e2ac937eecd281feeb09f005f49e13156e5,facial_closeup,train,1,1,1,1,0
caa89f141d9c2dd7,/Users/aryanmalla/PycharmProjects/Skin-Care-AI/dataset_sources/extracted/facial_skin_concerns/dataset/wrinkles/wrinkles25.png,facial_skin_concerns,wrinkles,dup_00530,facial_closeup,train,-1,-1,-1,-1,1
8ce1aae7ca6924a3,/Users/aryanmalla/PycharmProjects/Skin-Care-AI/dataset_sources/extracted/facial_skin_concerns/dataset/Redness/combination_-_8cb7d464df2c970e85aa_jpg.rf.8722cd966717e94879db1d3724686fc7.jpg,facial_skin_concerns,Redness,dup_00201,facial_closeup,train,-1,-1,-1,-1,-1
27fac04510e0959e,/Users/aryanmalla/PycharmProjects/Skin-Care-AI/dataset_sources/extracted/facial_skin_concerns/dataset/inflammatory acne/acne-pustular-67 - Copy.jpg,facial_skin_concerns,inflammatory acne,dup_03584,facial_closeup,train,1,0,1,1,0
f635d9b32c3856cf,/Users/aryanmalla/PycharmProjects/Skin-Care-AI/dataset_sources/extracted/facial_skin_concerns/dataset/wrinkles/13_jpeg_jpg.rf.fdc92205a86fb0f9b75f2ab73e177339.jpg,facial_skin_concerns,wrinkles,dup_00104,full_face,train,-1,1,-1,-1,1
48e765dbda2c8cf3,/Users/aryanmalla/PycharmProjects/Skin-Care-AI/dataset/Conditions/Dark Spot/91.jpg,existing_conditions,Dark Spot,dup_00839,full_face,train,-1,-1,-1,-1,-1
aee99caa950ff7ba,/Users/aryanmalla/PycharmProjects/Skin-Care-AI/dataset/Conditions/Rosacea/Rosacea_378.jpg,existing_conditions,Rosacea,dup_03184,facial_closeup,train,-1,-1,-1,-1,-1
3cc17be6f758d19f,/Users/aryanmalla/PycharmProjects/Skin-Care-AI/dataset_sources/extracted/facial_skin_concerns/dataset/Redness/combination_-_6f7dcab28a16a7ffcf41_jpg.rf.dc9688162f8f49c2a35b81dd33e19df6.jpg,facial_skin_concerns,Redness,dup_01049,facial_closeup,train,-1,-1,-1,-1,-1
a55b10197e3fdc06,/Users/aryanmalla/PycharmProjects/Skin-Care-AI/dataset_sources/extracted/facial_skin_concerns/dataset/wrinkles/wrinkle172.png,facial_skin_concerns,wrinkles,c6b77fb359e771a07bf4d63ab1fd995787685fc6a414d6db08daf6586d665d4d,full_face,train,-1,-1,-1,-1,1
ce7a569133619529,/Users/aryanmalla/PycharmProjects/Skin-Care-AI/dataset_sources/extracted/acne04/acne2_1024/levle2_183.jpg,acne04_level2,acne2_1024,0d8c38c9ebd1561d0af3bf5bc6309906b3932bbfad08282497614b2c4560b868,full_face,train,1,1,1,0,0
bf56a7b33cf920b5,/Users/aryanmalla/PycharmProjects/Skin-Care-AI/dataset_sources/extracted/facial_skin_concerns/dataset/dark spots/spots1.png,facial_skin_concerns,dark spots,624fed3e421762be29ded09035f74153c9049dfc400bd2ebdc2e6b40b4f40eaa,facial_closeup,train,1,1,1,-1,-1
abff2955556d1123,/Users/aryanmalla/PycharmProjects/Skin-Care-AI/dataset/Conditions/Dark Spot/95.jpg,existing_conditions,Dark Spot,dup_02113,facial_closeup,train,-1,-1,-1,-1,-1
aa7dbf5a4dcfa7b8,/Users/aryanmalla/PycharmProjects/Skin-Care-AI/dataset/Conditions/Rosacea/rosacea-0005__ProtectWyJQcm90ZWN0Il0_FocusFillWzI5NCwyMjIsIngiLDFd.jpeg,existing_conditions,Rosacea,eb8b603ba1d76a77ca7160caf7662c34781e8fa875c9068013bfb32d3049acb9,facial_closeup,train,-1,-1,-1,-1,-1
10f7fb96a51789b3,/Users/aryanmalla/PycharmProjects/Skin-Care-AI/dataset_sources/extracted/facial_skin_concerns/dataset/Redness/_696339637_jpg.rf.0ef493f15888ff284e068a888678a5ef.jpg,facial_skin_concerns,Redness,f47fdfa8b6bb8775e2c130efbdf98ebf0c12c2c2db8ab229ff9ce360a59960a6,facial_closeup,train,1,-1,1,-1,-1
9d60caf1a81e42f8,/Users/aryanmalla/PycharmProjects/Skin-Care-AI/dataset_sources/extracted/facial_skin_concerns/dataset/Redness/combination_-_3b8da74ffcff4f91461f_jpg.rf.1647fae6373290771918df9621a478bf.jpg,facial_skin_concerns,Redness,dup_03426,full_face,train,-1,-1,-1,-1,-1
f0ff3b99e63d37d6,/Users/aryanmalla/PycharmProjects/Skin-Care-AI/dataset_sources/extracted/facial_skin_concerns/dataset/wrinkles/7_jpeg_jpg.rf.48a243dfe8a09c6a7a8c0cfe4748fd19.jpg,facial_skin_concerns,wrinkles,dup_04173,facial_closeup,train,-1,-1,-1,-1,1
9ad996cec60011d6,/Users/aryanmalla/PycharmProjects/Skin-Care-AI/dataset_sources/extracted/facial_skin_concerns/dataset/inflammatory acne/acne35.png,facial_skin_concerns,inflammatory acne,dup_00814,full_face,train,1,1,1,-1,0
5485121ed742f483,/Users/aryanmalla/PycharmProjects/Skin-Care-AI/dataset_sources/extracted/facial_skin_concerns/dataset/Redness/seed0512_png.rf.e9c5b09c652deb96c8f4d79d28dd1417 - Copy - Copy.jpg,facial_skin_concerns,Redness,cf0878e3923850d44e47f1e65f60896892f7ebc4092056b224374510a0bd1356,facial_closeup,train,1,-1,1,-1,-1
ec0d72f50aca6cd3,/Users/aryanmalla/PycharmProjects/Skin-Care-AI/dataset_sources/extracted/facial_skin_concerns/dataset/pores/73_PNG_jpg.rf.c354afb3701dbc155b0c4e323a7a3f3a.jpg,facial_skin_concerns,pores,dup_03981,facial_closeup,train,-1,-1,-1,1,-1
014c10a2d165af19,/Users/aryanmalla/PycharmProjects/Skin-Care-AI/dataset_sources/extracted/facial_skin_concerns/dataset/dark spots/spots42.png,facial_skin_concerns,dark spots,dup_01075,facial_closeup,train,1,1,0,-1,-1
636ece3ef7fd9eb4,/Users/aryanmalla/PycharmProjects/Skin-Care-AI/dataset_sources/extracted/facial_skin_concerns/dataset/pores/39_PNG_jpg.rf.3609e6ba98bc4b34d4c306b7154c69b6.jpg,facial_skin_concerns,pores,dup_00335,facial_closeup,train,-1,-1,-1,1,-1
8fae4ef4238feb37,/Users/aryanmalla/PycharmProjects/Skin-Care-AI/dataset_sources/extracted/facial_skin_concerns/dataset/inflammatory acne/uq3mypax59u51.png,facial_skin_concerns,inflammatory acne,dup_01142,full_face,train,1,1,1,1,0
99034aaf569ed963,/Users/aryanmalla/PycharmProjects/Skin-Care-AI/dataset_sources/extracted/acne04/acne3_1024/levle3_102.jpg,acne04_level3,acne3_1024,e4a3ff3f4fb4f4ddc63439505c4e67ee4dd71563a9d19f86c7f2ce54e8a4bf05,full_face,train,1,0,1,0,0
8f8aa86c7af3d6f4,/Users/aryanmalla/PycharmProjects/Skin-Care-AI/dataset_sources/extracted/facial_skin_concerns/dataset/Redness/combination_-_6f7dcab28a16a7ffcf41_jpg.rf.6e2eba312a2d0a38539ff3f80cdef43d.jpg,facial_skin_concerns,Redness,dup_01049,facial_closeup,train,-1,-1,-1,-1,-1
d72e49ba05e47484,/Users/aryanmalla/PycharmProjects/Skin-Care-AI/dataset_sources/extracted/acne04/acne2_1024/levle2_177.jpg,acne04_level2,acne2_1024,ef3347346058d10b8d4e155b0240ee14dc146d33084b0a9b38e456840a487c43,facial_closeup,train,1,0,1,1,0
3fbdfe3df10d1d12,/Users/aryanmalla/PycharmProjects/Skin-Care-AI/dataset/Conditions/Dark Spot/64.jpg,existing_conditions,Dark Spot,f709419f621495e61ebab65bd9bf36055f6f12b1375c1c7526c61b4404e3059c,full_face,train,-1,-1,-1,-1,-1
863e6ee0e4d631b5,/Users/aryanmalla/PycharmProjects/Skin-Care-AI/dataset/Conditions/Dark Spot/9bfe69da-441e-45f2-be9d-1c75badaa96b.jpg,existing_conditions,Dark Spot,dup_00282,facial_closeup,train,-1,1,-1,1,-1
77a161ce2fc66303,/Users/aryanmalla/PycharmProjects/Skin-Care-AI/dataset_sources/extracted/facial_skin_concerns/dataset/wrinkles/29_jpeg.rf.8b944d6004b935428eebaab1f4508de1.jpg,facial_skin_concerns,wrinkles,dup_04049,facial_closeup,train,-1,-1,-1,-1,1
4c8430d100280567,/Users/aryanmalla/PycharmProjects/Skin-Care-AI/dataset/Conditions/Dark Spot/6110c83a-166b-4594-8ce1-5694a76292a9.jpg,existing_conditions,Dark Spot,dup_00416,facial_closeup,train,-1,-1,-1,-1,-1
c71df7975418e4bc,/Users/aryanmalla/PycharmProjects/Skin-Care-AI/dataset_sources/extracted/acne04/acne3_1024/levle3_111.jpg,acne04_level3,acne3_1024,60a7f59f92bbd21de67035d5b4697af466b369bae8a8f06ce40c96ccc5102a54,full_face,train,1,1,1,0,1
6e1b2a472d60e532,/Users/aryanmalla/PycharmProjects/Skin-Care-AI/dataset/Conditions/Acne/acne33.png,existing_conditions,Acne,d2c6403c3f00a3b83e3270d7664c8ed275000deaa6b3226ea69b504513ee242a,full_face,train,1,1,1,1,0
e9fda44a3398a50a,/Users/aryanmalla/PycharmProjects/Skin-Care-AI/dataset_sources/extracted/facial_skin_concerns/dataset/wrinkles/wrinkles155.png,facial_skin_concerns,wrinkles,dup_03348,facial_closeup,train,-1,-1,-1,-1,1
01851fde46bf9ae1,/Users/aryanmalla/PycharmProjects/Skin-Care-AI/dataset_sources/extracted/facial_skin_concerns/dataset/dark spots/77251e7e-eaf9-493b-b4cd-a261ca6b1a14_jpg.rf.275e39dd5fff6d232470bc2257bcb3ba.jpg,facial_skin_concerns,dark spots,dup_00546,facial_closeup,train,-1,-1,-1,-1,-1
08ea7d422ae3a7a0,/Users/aryanmalla/PycharmProjects/Skin-Care-AI/dataset/Conditions/Dark Spot/3deebf0a-72f9-4fa9-8764-3ac44ada6fd7.jpg,existing_conditions,Dark Spot,dup_00267,facial_closeup,train,-1,1,-1,-1,-1
b44969b868f1946b,/Users/aryanmalla/PycharmProjects/Skin-Care-AI/dataset_sources/extracted/facial_skin_concerns/dataset/pigmentation/images-1-copy_jpeg_0_8088_jpeg.rf.6db1e29751a88658408b32bbe8382ae4.jpg,facial_skin_concerns,pigmentation,194b47b4ecde5b30b8596b14b02eb1b1ec10a26e440bef298621bd23e7902667,facial_closeup,train,-1,-1,-1,-1,-1
3d5fb86e98761a2e,/Users/aryanmalla/PycharmProjects/Skin-Care-AI/dataset/Conditions/Dark Spot/45.jpg,existing_conditions,Dark Spot,64fe8fe622c3182168330dcd3021b2e7ea89015e6fe0ff94846d62dfa49203c6,facial_closeup,train,-1,-1,-1,-1,-1
c8e2d8f222e2c9b8,/Users/aryanmalla/PycharmProjects/Skin-Care-AI/dataset_sources/extracted/facial_skin_concerns/dataset/pigmentation/IMG_2930_0_2324_jpeg.rf.fbad8cfe237b10865905367c1eceef6c.jpg,facial_skin_concerns,pigmentation,f86f991f677e1db21afcb279c44027e88842b3621cf4a40bc3889762f222eb9b,facial_closeup,train,1,1,-1,-1,-1
e5b6c0f900f303dd,/Users/aryanmalla/PycharmProjects/Skin-Care-AI/dataset_sources/extracted/facial_skin_concerns/dataset/wrinkles/wrinkles83.png,facial_skin_concerns,wrinkles,dup_01335,full_face,train,-1,-1,-1,-1,1
bd5fac20c1ffa0e7,/Users/aryanmalla/PycharmProjects/Skin-Care-AI/dataset_sources/extracted/facial_skin_concerns/dataset/dark spots/melasma27_jpg.rf.c5e0d2caa27f2c104d7e7734b27cb203.jpg,facial_skin_concerns,dark spots,dup_00557,full_face,train,-1,1,-1,-1,-1
a51f67ba8fd66025,/Users/aryanmalla/PycharmProjects/Skin-Care-AI/dataset_sources/extracted/facial_skin_concerns/dataset/wrinkles/57_jpg.rf.48aaac8c2fc80515f6edc85293d75b3a.jpg,facial_skin_concerns,wrinkles,dup_00685,facial_closeup,train,-1,-1,-1,-1,1
15dc387c6b33a0e7,/Users/aryanmalla/PycharmProjects/Skin-Care-AI/dataset_sources/extracted/facial_skin_concerns/dataset/Redness/seed0420_png.rf.9ecbd060c956c9a3e7690675c318d7b3.jpg,facial_skin_concerns,Redness,dup_00004,facial_closeup,train,-1,-1,1,-1,-1
78c6b53e1c826484,/Users/aryanmalla/PycharmProjects/Skin-Care-AI/dataset/Conditions/Acne/acne98.png,existing_conditions,Acne,1e23349cd3aa1b2c4810a817673bf26940a35c31f17d230b0cc41116ebb911bd,full_face,train,1,1,1,0,0
fa500dcd7f3cd3b9,/Users/aryanmalla/PycharmProjects/Skin-Care-AI/dataset_sources/extracted/facial_skin_concerns/dataset/wrinkles/14_jpeg_jpg.rf.a70134b63e4bcda3932d1150aa626a13.jpg,facial_skin_concerns,wrinkles,dup_00668,full_face,train,-1,-1,-1,-1,1
5c3f7d9961fdeffd,/Users/aryanmalla/PycharmProjects/Skin-Care-AI/dataset_sources/extracted/facial_skin_concerns/dataset/wrinkles/wrinkles93.png,facial_skin_concerns,wrinkles,1783d8d9b03ed281d5e78666d4ac514a9ff3a8ff87339169d67b738a047c9732,facial_closeup,train,-1,-1,-1,-1,1
3adaee6a64783cb6,/Users/aryanmalla/PycharmProjects/Skin-Care-AI/dataset_sources/extracted/acne04/acne1_1024/levle1_567.jpg,acne04_level1,acne1_1024,707d4bef83a13544d679959b0913ffaae9b9b09c356fe15254d9434176b01850,facial_closeup,train,1,1,1,-1,-1
f4cb93f6be1e41db,/Users/aryanmalla/PycharmProjects/Skin-Care-AI/dataset/Conditions/Dark Spot/b43985cb-8464-49ba-ac88-72c1875b821d.jpg,existing_conditions,Dark Spot,dup_00179,facial_closeup,train,-1,1,-1,1,-1
bc7ae3f9f39c3fd2,/Users/aryanmalla/PycharmProjects/Skin-Care-AI/dataset_sources/extracted/facial_skin_concerns/dataset/wrinkles/51_jpg.rf.10060cfb6463aa51f48f2746c61cf4f8.jpg,facial_skin_concerns,wrinkles,dup_00682,full_face,train,-1,-1,-1,-1,1
65cee106362c6d2e,/Users/aryanmalla/PycharmProjects/Skin-Care-AI/dataset_sources/extracted/facial_skin_concerns/dataset/dark spots/melasma54_png_jpg.rf.70c295f1f9e8715bf02f99828ae1394e.jpg,facial_skin_concerns,dark spots,dup_00132,full_face,train,1,1,-1,-1,-1
d7da79abcf9e5204,/Users/aryanmalla/PycharmProjects/Skin-Care-AI/dataset_sources/extracted/facial_skin_concerns/dataset/dark spots/melasma40_jpg.rf.2b37da54cc32f44313ef6aafe891df60.jpg,facial_skin_concerns,dark spots,dup_00011,full_face,train,-1,1,-1,-1,-1
b49374d11cc23d00,/Users/aryanmalla/PycharmProjects/Skin-Care-AI/dataset_sources/extracted/facial_skin_concerns/dataset/pores/23_PNG_jpg.rf.4fbd18b4d524f4ace3e95e1ebbabe936.jpg,facial_skin_concerns,pores,dup_00229,facial_closeup,train,-1,-1,-1,1,-1
