image_id,original_path,source,original_label,duplicate_group,image_scope,split,blemishes,dark_spots,redness,visible_pores,fine_lines,mask_coverage,sha256
memi_105_F,/Users/aryanmalla/PycharmProjects/Skin-Care-AI/dataset_sources/extracted/memi_ds/images/105_F.jpg,memi_ds,melasma_mask,memi_subject_105,full_face,train,-1,1,-1,-1,-1,0.19738842092478281,ad662c2069aeb726306e81e7fa35b1cc5daee18d3d151724e5830db14e77a61d
memi_10_L,/Users/aryanmalla/PycharmProjects/Skin-Care-AI/dataset_sources/extracted/memi_ds/images/10_L.jpg,memi_ds,melasma_mask,memi_subject_10,full_face,train,-1,1,-1,-1,-1,0.07293469534107797,2369b925beceb006bb861705089922f5dd0b6262183985e2fd49f2c23704f4c5
memi_10_R,/Users/aryanmalla/PycharmProjects/Skin-Care-AI/dataset_sources/extracted/memi_ds/images/10_R.jpg,memi_ds,melasma_mask,memi_subject_10,full_face,train,-1,1,-1,-1,-1,0.0713598934220679,8a9f0d3f8739cd30b2c71ab7840cb72bb110ebe7d2c0ef49d4224a32571f7051
memi_11_F,/Users/aryanmalla/PycharmProjects/Skin-Care-AI/dataset_sources/extracted/memi_ds/images/11_F.jpg,memi_ds,melasma_mask,memi_subject_11,full_face,train,-1,1,-1,-1,-1,0.01204706164980567,887d225097527d6402fe2d625cee7091cc61a792ebc8a5ac17739ba13cbe4c7b
memi_11_L,/Users/aryanmalla/PycharmProjects/Skin-Care-AI/dataset_sources/extracted/memi_ds/images/11_L.jpg,memi_ds,melasma_mask,memi_subject_11,full_face,train,-1,1,-1,-1,-1,0.013954696341306584,6a1b1239eb29ebf6692f0fa09e0a858b277f06ab836e9e0f17f9355dab66e11e
memi_11_R,/Users/aryanmalla/PycharmProjects/Skin-Care-AI/dataset_sources/extracted/memi_ds/images/11_R.jpg,memi_ds,melasma_mask,memi_subject_11,full_face,train,-1,1,-1,-1,-1,0.01160761968807156,60b652ffe6f3cdb28d30147823faf488c30a7ec74006f1d46a61a51347ea1a8a
memi_12_F,/Users/aryanmalla/PycharmProjects/Skin-Care-AI/dataset_sources/extracted/memi_ds/images/12_F.jpg,memi_ds,melasma_mask,memi_subject_12,full_face,train,-1,1,-1,-1,-1,0.02772771053026406,22beb43979dd15cee7eb8c97abe2e53dd4c786299614ef04abc7bac37e344ddb
memi_12_L,/Users/aryanmalla/PycharmProjects/Skin-Care-AI/dataset_sources/extracted/memi_ds/images/12_L.jpg,memi_ds,melasma_mask,memi_subject_12,full_face,train,-1,1,-1,-1,-1,0.063940228748714,028f759e6358c1192f0429e6c4ff54c65a07d5061be6910db8f15712e59a0501
memi_12_R,/Users/aryanmalla/PycharmProjects/Skin-Care-AI/dataset_sources/extracted/memi_ds/images/12_R.jpg,memi_ds,melasma_mask,memi_subject_12,full_face,train,-1,1,-1,-1,-1,0.034811863247313675,fdb9b9208f54d59385a4214690cdf2eada5647c223256f2aed0fd2fddcd2cb2d
memi_13_F,/Users/aryanmalla/PycharmProjects/Skin-Care-AI/dataset_sources/extracted/memi_ds/images/13_F.jpg,memi_ds,melasma_mask,memi_subject_13,full_face,train,-1,1,-1,-1,-1,0.09962143132716049,9796c0ee33b453affd1a028bae662353e31ec73259586c5c45a0bab2fbacc4d3
memi_13_L,/Users/aryanmalla/PycharmProjects/Skin-Care-AI/dataset_sources/extracted/memi_ds/images/13_L.jpg,memi_ds,melasma_mask,memi_subject_13,full_face,train,-1,1,-1,-1,-1,0.04012853607610311,b61769c58eeee56f4c84cf47e5238f129e612b7df0fd2fcf87e1825837bc9b44
memi_13_R,/Users/aryanmalla/PycharmProjects/Skin-Care-AI/dataset_sources/extracted/memi_ds/images/13_R.jpg,memi_ds,melasma_mask,memi_subject_13,full_face,train,-1,1,-1,-1,-1,0.12209459260330932,48158d4358365abf3e842227634cf14c297db06bded474427f049eaf003cfbad
memi_14_L,/Users/aryanmalla/PycharmProjects/Skin-Care-AI/dataset_sources/extracted/memi_ds/images/14_L.jpg,memi_ds,melasma_mask,memi_subject_14,full_face,train,-1,1,-1,-1,-1,0.0178265634823674,cfe95ecafef44024cecb051d30b6e4a790415e8fc97ca412b869fdc687b0eaaa
memi_14_R,/Users/aryanmalla/PycharmProjects/Skin-Care-AI/dataset_sources/extracted/memi_ds/images/14_R.jpg,memi_ds,melasma_mask,memi_subject_14,full_face,train,-1,1,-1,-1,-1,0.02282240404949703,38ae4cfaf8b1c045dc40835e278d63f13cd45d0316620a3d942b4c62fe1a9da7
memi_15_F,/Users/aryanmalla/PycharmProjects/Skin-Care-AI/dataset_sources/extracted/memi_ds/images/15_F.jpg,memi_ds,melasma_mask,memi_subject_15,full_face,train,-1,1,-1,-1,-1,0.12416666220136031,0ea215b892367e265d9160f2e4bab4256c11bf6c7924b64ffcf8293057502c16
memi_15_L,/Users/aryanmalla/PycharmProjects/Skin-Care-AI/dataset_sources/extracted/memi_ds/images/15_L.jpg,memi_ds,melasma_mask,memi_subject_15,full_face,train,-1,1,-1,-1,-1,0.07524370525763031,38c3b15dc1acb81c9cf5cd193c32d7cce0462dc7a34b35e339094c3ee5d6ba1c
memi_15_R,/Users/aryanmalla/PycharmProjects/Skin-Care-AI/dataset_sources/extracted/memi_ds/images/15_R.jpg,memi_ds,melasma_mask,memi_subject_15,full_face,train,-1,1,-1,-1,-1,0.055476017286093963,6c7f39e92129cb8a9b2266344ad352146caacc179294dfff4cfece2c347237e8
memi_16_F,/Users/aryanmalla/PycharmProjects/Skin-Care-AI/dataset_sources/extracted/memi_ds/images/16_F.jpg,memi_ds,melasma_mask,memi_subject_16,full_face,train,-1,1,-1,-1,-1,0.10779461644804526,74184e45726f0f73e16b1ff07728555482bd146846977496dcf81acbbf9b228e
memi_16_L,/Users/aryanmalla/PycharmProjects/Skin-Care-AI/dataset_sources/extracted/memi_ds/images/16_L.jpg,memi_ds,melasma_mask,memi_subject_16,full_face,train,-1,1,-1,-1,-1,0.07187373855095451,18ec307be247aab8289392a5f4dee0c97039421823a509444d0bdfd3fbc2efed
memi_16_R,/Users/aryanmalla/PycharmProjects/Skin-Care-AI/dataset_sources/extracted/memi_ds/images/16_R.jpg,memi_ds,melasma_mask,memi_subject_16,full_face,train,-1,1,-1,-1,-1,0.07533055546624944,942ff6e7b3ce6d56aafb0adb36e75cb16bc51c38c54e48482b9ee0f775ff92e6
memi_17_F,/Users/aryanmalla/PycharmProjects/Skin-Care-AI/dataset_sources/extracted/memi_ds/images/17_F.jpg,memi_ds,melasma_mask,memi_subject_17,full_face,train,-1,1,-1,-1,-1,0.019502113876028807,99f79408187a0ecb9df112fcc96a791f8d7f92b9ca4652a3f7a5e0936d8331fa
memi_17_L,/Users/aryanmalla/PycharmProjects/Skin-Care-AI/dataset_sources/extracted/memi_ds/images/17_L.jpg,memi_ds,melasma_mask,memi_subject_17,full_face,train,-1,1,-1,-1,-1,0.07664542073902607,8095028609e4f84512ac511ee41bbd1ca54842ad51a32626094eea7206e9ec31
memi_17_R,/Users/aryanmalla/PycharmProjects/Skin-Care-AI/dataset_sources/extracted/memi_ds/images/17_R.jpg,memi_ds,melasma_mask,memi_subject_17,full_face,train,-1,1,-1,-1,-1,0.06297315502471994,464dc3aa67136ce70ae4062db0308cf2333c6552e9e65acb5e7269ff23c9916a
memi_18_F,/Users/aryanmalla/PycharmProjects/Skin-Care-AI/dataset_sources/extracted/memi_ds/images/18_F.jpg,memi_ds,melasma_mask,memi_subject_18,full_face,train,-1,1,-1,-1,-1,0.03422540107381687,a049f586551d4c5c94f17907d04ddd25e81f5b97568088b06d563e7a17fdf69c
memi_18_L,/Users/aryanmalla/PycharmProjects/Skin-Care-AI/dataset_sources/extracted/memi_ds/images/18_L.jpg,memi_ds,melasma_mask,memi_subject_18,full_face,train,-1,1,-1,-1,-1,0.06183723690414952,345eb25afe141e88a9f4c707bae3d68407b373633a9eef3778e36bb5b980dcb4
memi_18_R,/Users/aryanmalla/PycharmProjects/Skin-Care-AI/dataset_sources/extracted/memi_ds/images/18_R.jpg,memi_ds,melasma_mask,memi_subject_18,full_face,train,-1,1,-1,-1,-1,0.03979380554841107,581759bf45890890c029e14c66421b3344e184541b9063ec9161908105a4ab2f
memi_1_L,/Users/aryanmalla/PycharmProjects/Skin-Care-AI/dataset_sources/extracted/memi_ds/images/1_L.jpg,memi_ds,melasma_mask,memi_subject_1,full_face,train,-1,1,-1,-1,-1,0.08749834783664838,92cf7d2c77b0e2da05c456583531848b6de76d20bd76ea5fe131fa9106196289
memi_1_R,/Users/aryanmalla/PycharmProjects/Skin-Care-AI/dataset_sources/extracted/memi_ds/images/1_R.jpg,memi_ds,melasma_mask,memi_subject_1,full_face,train,-1,1,-1,-1,-1,0.03876086855566987,3807c0717f4ee0644bfb3ac726d061b5314f03e8559f8966b42b725fdbeb0f95
memi_20_F,/Users/aryanmalla/PycharmProjects/Skin-Care-AI/dataset_sources/extracted/memi_ds/images/20_F.jpg,memi_ds,melasma_mask,memi_subject_20,full_face,train,-1,1,-1,-1,-1,0.11309549325560128,aea5db66a94a6291a8d563f43c0c2ef8a787e6843e0e48949949e6a49fb5ad1f
memi_20_L,/Users/aryanmalla/PycharmProjects/Skin-Care-AI/dataset_sources/extracted/memi_ds/images/20_L.jpg,memi_ds,melasma_mask,memi_subject_20,full_face,train,-1,1,-1,-1,-1,0.04185019075788752,d87e792f640b024c047beb08a31061747e3db2e4f4aa3c1737f41cfd98f0729d
memi_21_F,/Users/aryanmalla/PycharmProjects/Skin-Care-AI/dataset_sources/extracted/memi_ds/images/21_F.jpg,memi_ds,melasma_mask,memi_subject_21,full_face,train,-1,1,-1,-1,-1,0.05695297317958391,a12321fe350016719b6b08d2cbad9b85c60a95b452a42bee614cc84433225e86
memi_21_L,/Users/aryanmalla/PycharmProjects/Skin-Care-AI/dataset_sources/extracted/memi_ds/images/21_L.jpg,memi_ds,melasma_mask,memi_subject_21,full_face,train,-1,1,-1,-1,-1,0.1019781642053898,bfcb89467ac3e936c5e19b03ddba64c18907b2b606ffe53521fe3b421976f4bc
memi_21_R,/Users/aryanmalla/PycharmProjects/Skin-Care-AI/dataset_sources/extracted/memi_ds/images/21_R.jpg,memi_ds,melasma_mask,memi_subject_21,full_face,train,-1,1,-1,-1,-1,0.11852100792681185,c45ce24812d529313369acfb8fa87b6b66fd151cd95517e86e38c093ef8f66c4
memi_22_F,/Users/aryanmalla/PycharmProjects/Skin-Care-AI/dataset_sources/extracted/memi_ds/images/22_F.jpg,memi_ds,melasma_mask,memi_subject_22,full_face,train,-1,1,-1,-1,-1,0.14448380611997028,92e332218495f21ab47255613414c494879c1414b0d4732b056125c1fe3380ec
memi_22_R,/Users/aryanmalla/PycharmProjects/Skin-Care-AI/dataset_sources/extracted/memi_ds/images/22_R.jpg,memi_ds,melasma_mask,memi_subject_22,full_face,train,-1,1,-1,-1,-1,0.06557028883387632,33c26baf2bcd4eed928862177bc92b66f00073379cddebf11e04ef09f8fd4d26
memi_24_F,/Users/aryanmalla/PycharmProjects/Skin-Care-AI/dataset_sources/extracted/memi_ds/images/24_F.jpg,memi_ds,melasma_mask,memi_subject_24,full_face,train,-1,1,-1,-1,-1,0.04987512770776177,208f76434fd6f71e30557fc062f2d9a3c7a9a505b038b3fac90201506e15d2a6
memi_24_L,/Users/aryanmalla/PycharmProjects/Skin-Care-AI/dataset_sources/extracted/memi_ds/images/24_L.jpg,memi_ds,melasma_mask,memi_subject_24,full_face,train,-1,1,-1,-1,-1,0.05435578355409808,46ff6d794a50ef177847f4f266f39e5f38de3fb33d1cbce9f79e4d86e492258d
memi_24_R,/Users/aryanmalla/PycharmProjects/Skin-Care-AI/dataset_sources/extracted/memi_ds/images/24_R.jpg,memi_ds,melasma_mask,memi_subject_24,full_face,train,-1,1,-1,-1,-1,0.06583117435771034,9e4adbda60cba046898566af9a142f0824d0135d5c0bc1925778dd3eee5ea987
memi_25_F,/Users/aryanmalla/PycharmProjects/Skin-Care-AI/dataset_sources/extracted/memi_ds/images/25_F.jpg,memi_ds,melasma_mask,memi_subject_25,full_face,train,-1,1,-1,-1,-1,0.12154485757458848,06370ff0c0ee51a726a276a1c22d1b472f48384b462df8b3851f7aeff3542d9f
memi_25_L,/Users/aryanmalla/PycharmProjects/Skin-Care-AI/dataset_sources/extracted/memi_ds/images/25_L.jpg,memi_ds,melasma_mask,memi_subject_25,full_face,train,-1,1,-1,-1,-1,0.07526162229938271,7fe2184a6751b5d99edb030d4262d1c57493ddf5b62f42aeccf977a943e03875
memi_25_R,/Users/aryanmalla/PycharmProjects/Skin-Care-AI/dataset_sources/extracted/memi_ds/images/25_R.jpg,memi_ds,melasma_mask,memi_subject_25,full_face,train,-1,1,-1,-1,-1,0.08955590518904322,ed1fdc72e4c2e819f89b352f2fb29883c5d66ed592f2dc5dc39967e973b7e10e
memi_26_F,/Users/aryanmalla/PycharmProjects/Skin-Care-AI/dataset_sources/extracted/memi_ds/images/26_F.jpg,memi_ds,melasma_mask,memi_subject_26,full_face,train,-1,1,-1,-1,-1,0.026041722482996115,3ec8d4499ef4c2705d259feed54f6fafd81ab3a3d77bb614196ab761beff1e8e
memi_26_L,/Users/aryanmalla/PycharmProjects/Skin-Care-AI/dataset_sources/extracted/memi_ds/images/26_L.jpg,memi_ds,melasma_mask,memi_subject_26,full_face,train,-1,1,-1,-1,-1,0.03536349603123571,7e1cfb21a504e489cb8fd5fa8a89e8121d7a16787862dfdc5838e4c97052381f
memi_26_R,/Users/aryanmalla/PycharmProjects/Skin-Care-AI/dataset_sources/extracted/memi_ds/images/26_R.jpg,memi_ds,melasma_mask,memi_subject_26,full_face,train,-1,1,-1,-1,-1,0.03927901154192387,648609be6095254f9f35fbb0997993723bbf595cf911cf04d934bff71bd98f9a
memi_27_F,/Users/aryanmalla/PycharmProjects/Skin-Care-AI/dataset_sources/extracted/memi_ds/images/27_F.jpg,memi_ds,melasma_mask,memi_subject_27,full_face,train,-1,1,-1,-1,-1,0.0931550537444273,5e3355a5ed4e7efff2e0599aee87e1d25e1a87bc22eb49b04cc2d4b58845eb66
memi_27_L,/Users/aryanmalla/PycharmProjects/Skin-Care-AI/dataset_sources/extracted/memi_ds/images/27_L.jpg,memi_ds,melasma_mask,memi_subject_27,full_face,train,-1,1,-1,-1,-1,0.0861047257230224,b3b7e92a0eb6c71f2d05bc93d67681c170c1fd8fab202cc8779659893714eb34
memi_27_R,/Users/aryanmalla/PycharmProjects/Skin-Care-AI/dataset_sources/extracted/memi_ds/images/27_R.jpg,memi_ds,melasma_mask,memi_subject_27,full_face,train,-1,1,-1,-1,-1,0.08533769772376543,bf55e8b5f7e6f3288111f1ed06cb30b998d94ca360d2c684c13669d352871617
memi_28_F,/Users/aryanmalla/PycharmProjects/Skin-Care-AI/dataset_sources/extracted/memi_ds/images/28_F.jpg,memi_ds,melasma_mask,memi_subject_28,full_face,train,-1,1,-1,-1,-1,0.09689848751143118,6aef19ea0d18097c8c9bf46fbe523194dfecf0354202a279301f3a8390c24709
memi_28_L,/Users/aryanmalla/PycharmProjects/Skin-Care-AI/dataset_sources/extracted/memi_ds/images/28_L.jpg,memi_ds,melasma_mask,memi_subject_28,full_face,train,-1,1,-1,-1,-1,0.08122403424354138,870a6dd230417715f4cca570a251ca0d2bb80b2fce91e5fa1be4c6e61d00653a
memi_29_F,/Users/aryanmalla/PycharmProjects/Skin-Care-AI/dataset_sources/extracted/memi_ds/images/29_F.jpg,memi_ds,melasma_mask,memi_subject_29,full_face,train,-1,1,-1,-1,-1,0.015014704253829447,5cf4001bcd615933ba9354936907b20cfebb3d04c6450ef0d912b0454027a81a
memi_29_L,/Users/aryanmalla/PycharmProjects/Skin-Care-AI/dataset_sources/extracted/memi_ds/images/29_L.jpg,memi_ds,melasma_mask,memi_subject_29,full_face,train,-1,1,-1,-1,-1,0.04743238186585505,778002c7a955cee13b3d5387b632b94474984aaa2fe7fa381504d753a43d5f99
memi_29_R,/Users/aryanmalla/PycharmProjects/Skin-Care-AI/dataset_sources/extracted/memi_ds/images/29_R.jpg,memi_ds,melasma_mask,memi_subject_29,full_face,train,-1,1,-1,-1,-1,0.00683030005072588,f8597726a5afe26747da886d4b25e64e13196eb655687ee0e93d2252f2588909
memi_2_F,/Users/aryanmalla/PycharmProjects/Skin-Care-AI/dataset_sources/extracted/memi_ds/images/2_F.jpg,memi_ds,melasma_mask,memi_subject_2,full_face,train,-1,1,-1,-1,-1,0.22411651681098538,836f85161a320cb6df4c854b91c3df335b941e8721d47f6ac1609697a277bf9d
memi_2_L,/Users/aryanmalla/PycharmProjects/Skin-Care-AI/dataset_sources/extracted/memi_ds/images/2_L.jpg,memi_ds,melasma_mask,memi_subject_2,full_face,train,-1,1,-1,-1,-1,0.04722307063042981,071af8a16c452eac20daa4d82f7a68013bd1923938a16b84a4e0c1dd6a3847ed
memi_2_R,/Users/aryanmalla/PycharmProjects/Skin-Care-AI/dataset_sources/extracted/memi_ds/images/2_R.jpg,memi_ds,melasma_mask,memi_subject_2,full_face,train,-1,1,-1,-1,-1,0.07463508400134317,574d381fdf06f45b2244b1e246a700848c8da44a61ea345e7b225a6b356b3c50
memi_30_F,/Users/aryanmalla/PycharmProjects/Skin-Care-AI/dataset_sources/extracted/memi_ds/images/30_F.jpg,memi_ds,melasma_mask,memi_subject_30,full_face,train,-1,1,-1,-1,-1,0.078721732378115,deae245efb40204b44b7052ed3c0ca0ce2630a1c0ac0b7751588f6aeaed13ff5
memi_30_L,/Users/aryanmalla/PycharmProjects/Skin-Care-AI/dataset_sources/extracted/memi_ds/images/30_L.jpg,memi_ds,melasma_mask,memi_subject_30,full_face,train,-1,1,-1,-1,-1,0.07035391571644947,1926f9cf758d1dfb76522876a7070678e4e50a92715e2d350f0ab511697e9d7b
memi_31_F,/Users/aryanmalla/PycharmProjects/Skin-Care-AI/dataset_sources/extracted/memi_ds/images/31_F.jpg,memi_ds,melasma_mask,memi_subject_31,full_face,train,-1,1,-1,-1,-1,0.1944121267896948,0b75907325085514b2ab79a0d93821b6e839791829c9d802b2800183abec4951
memi_31_L,/Users/aryanmalla/PycharmProjects/Skin-Care-AI/dataset_sources/extracted/memi_ds/images/31_L.jpg,memi_ds,melasma_mask,memi_subject_31,full_face,train,-1,1,-1,-1,-1,0.05600024425225766,465736d088fa7802ee459b36515381632fee494eea6184b3db50fd798c7ee330
memi_31_R,/Users/aryanmalla/PycharmProjects/Skin-Care-AI/dataset_sources/extracted/memi_ds/images/31_R.jpg,memi_ds,melasma_mask,memi_subject_31,full_face,train,-1,1,-1,-1,-1,0.05444966662022748,e367bd6c339ee4fdc71259df17edafa500cbd4b122a49b8a0342e44548197b4a
memi_32_F,/Users/aryanmalla/PycharmProjects/Skin-Care-AI/dataset_sources/extracted/memi_ds/images/32_F.jpg,memi_ds,melasma_mask,memi_subject_32,full_face,train,-1,1,-1,-1,-1,0.053213000025005716,6c02cf8c0fd0add9a2ee68c354affaf366fb4a16e3b7718b54b203b55af19c38
memi_32_L,/Users/aryanmalla/PycharmProjects/Skin-Care-AI/dataset_sources/extracted/memi_ds/images/32_L.jpg,memi_ds,melasma_mask,memi_subject_32,full_face,train,-1,1,-1,-1,-1,0.05825611702317673,ba856b7a28fc0ac234cf1d30fcba5d86642b79a64bab78657dc2b2433917b5cd
memi_32_R,/Users/aryanmalla/PycharmProjects/Skin-Care-AI/dataset_sources/extracted/memi_ds/images/32_R.jpg,memi_ds,melasma_mask,memi_subject_32,full_face,train,-1,1,-1,-1,-1,0.07475765666080819,580fc76ded0f8ace847c81c2d3155d178c94430daf4dbe988efc3dded058b6c8
memi_33_F,/Users/aryanmalla/PycharmProjects/Skin-Care-AI/dataset_sources/extracted/memi_ds/images/33_F.jpg,memi_ds,melasma_mask,memi_subject_33,full_face,train,-1,1,-1,-1,-1,0.27895700936999884,a8a85432ccd3cc686ec8d9be38d2b7e1398ea2d883464a94ed76701a52fad257
memi_33_L,/Users/aryanmalla/PycharmProjects/Skin-Care-AI/dataset_sources/extracted/memi_ds/images/33_L.jpg,memi_ds,melasma_mask,memi_subject_33,full_face,train,-1,1,-1,-1,-1,0.14357383250100023,6d362456f4c121bcfecc13e860621024c5baca11fe1488d66bef873880a83164
memi_33_R,/Users/aryanmalla/PycharmProjects/Skin-Care-AI/dataset_sources/extracted/memi_ds/images/33_R.jpg,memi_ds,melasma_mask,memi_subject_33,full_face,train,-1,1,-1,-1,-1,0.12276812825074303,28e7ba63764df4a763ee70289ee2ef506c95dd0bfe51e35ce3f9984e76d2af32
memi_34_F,/Users/aryanmalla/PycharmProjects/Skin-Care-AI/dataset_sources/extracted/memi_ds/images/34_F.jpg,memi_ds,melasma_mask,memi_subject_34,full_face,train,-1,1,-1,-1,-1,0.0789136847350823,20caaa6764af892758598b39e6785a3b8f9eca677fdd62e11974f7bcd7664aa5
memi_34_L,/Users/aryanmalla/PycharmProjects/Skin-Care-AI/dataset_sources/extracted/memi_ds/images/34_L.jpg,memi_ds,melasma_mask,memi_subject_34,full_face,train,-1,1,-1,-1,-1,0.06792612865083447,ff0dd3d208a1330e06b6f4d96a025b6f333f1d2c7dcb78f2322ed3ec1539f238
memi_34_R,/Users/aryanmalla/PycharmProjects/Skin-Care-AI/dataset_sources/extracted/memi_ds/images/34_R.jpg,memi_ds,melasma_mask,memi_subject_34,full_face,train,-1,1,-1,-1,-1,0.06782632905378372,400b781ad86004f590ee9312ef486fee20d0057d518d20990dcb9fefaf93b85d
memi_35_F,/Users/aryanmalla/PycharmProjects/Skin-Care-AI/dataset_sources/extracted/memi_ds/images/35_F.jpg,memi_ds,melasma_mask,memi_subject_35,full_face,train,-1,1,-1,-1,-1,0.10165783429069501,343b7988fed6ce6135eb9a7691f6223cc58398f6022aa87147e0b4335a2d6dfa
memi_35_L,/Users/aryanmalla/PycharmProjects/Skin-Care-AI/dataset_sources/extracted/memi_ds/images/35_L.jpg,memi_ds,melasma_mask,memi_subject_35,full_face,train,-1,1,-1,-1,-1,0.02604367605452675,717003c8d57f97cc9a21e00d67e3cd0f7a2dcc53dae98ca31ed56a3847e91f76
memi_35_R,/Users/aryanmalla/PycharmProjects/Skin-Care-AI/dataset_sources/extracted/memi_ds/images/35_R.jpg,memi_ds,melasma_mask,memi_subject_35,full_face,train,-1,1,-1,-1,-1,0.03665028569030064,ffecd410ac30952147b066060fd8574466e05d475ba6b77613efaf3c467d799b
memi_36_F,/Users/aryanmalla/PycharmProjects/Skin-Care-AI/dataset_sources/extracted/memi_ds/images/36_F.jpg,memi_ds,melasma_mask,memi_subject_36,full_face,train,-1,1,-1,-1,-1,0.1092991456082819,a90cedf42d3b52322d24a5eee9712e6912ff1f1a606f048a2eecd4094fc4bb41
memi_37_F,/Users/aryanmalla/PycharmProjects/Skin-Care-AI/dataset_sources/extracted/memi_ds/images/37_F.jpg,memi_ds,melasma_mask,memi_subject_37,full_face,train,-1,1,-1,-1,-1,0.14536542504358138,75671cfbd8e2fbac150c87839f87c7d23168b5bb239ee5d9a162fdc27ad470ef
memi_3_F,/Users/aryanmalla/PycharmProjects/Skin-Care-AI/dataset_sources/extracted/memi_ds/images/3_F.jpg,memi_ds,melasma_mask,memi_subject_3,full_face,train,-1,1,-1,-1,-1,0.30115527522362256,d622c59ed0ec77f89ea4bb229e7467544763a7eef73b1817d0ece2511e1b1899
memi_40_F,/Users/aryanmalla/PycharmProjects/Skin-Care-AI/dataset_sources/extracted/memi_ds/images/40_F.jpg,memi_ds,melasma_mask,memi_subject_40,full_face,train,-1,1,-1,-1,-1,0.08704456107824646,cdd0d0997f1d10c013d3fb191cf862930bd179f3fcf757403b0ab31910f31ab3
memi_45_F,/Users/aryanmalla/PycharmProjects/Skin-Care-AI/dataset_sources/extracted/memi_ds/images/45_F.jpg,memi_ds,melasma_mask,memi_subject_45,full_face,train,-1,1,-1,-1,-1,0.1614029635345222,055448d7b6789f96d14005d56a44060a48356e4964e9028ce942ff76b4171aaa
memi_48_F,/Users/aryanmalla/PycharmProjects/Skin-Care-AI/dataset_sources/extracted/memi_ds/images/48_F.jpg,memi_ds,melasma_mask,memi_subject_48,full_face,train,-1,1,-1,-1,-1,0.21456254733224736,3d4bb58a8c8233cfa89a66654b6fc7b6479011600d6b9982c3df338d50e0fb6f
memi_49_F,/Users/aryanmalla/PycharmProjects/Skin-Care-AI/dataset_sources/extracted/memi_ds/images/49_F.jpg,memi_ds,melasma_mask,memi_subject_49,full_face,train,-1,1,-1,-1,-1,0.04642143650691587,caa43f90f1782debbce6d410067fa92d03164533effd63e952ac789debded8d9
memi_49_L,/Users/aryanmalla/PycharmProjects/Skin-Care-AI/dataset_sources/extracted/memi_ds/images/49_L.jpg,memi_ds,melasma_mask,memi_subject_49,full_face,train,-1,1,-1,-1,-1,0.039555860535979655,c02532cf34bd32d028fd39d7966f6e31c61228061770a440ff96976948feb0a1
memi_4_F,/Users/aryanmalla/PycharmProjects/Skin-Care-AI/dataset_sources/extracted/memi_ds/images/4_F.jpg,memi_ds,melasma_mask,memi_subject_4,full_face,train,-1,1,-1,-1,-1,0.027342187142775493,64f9e08ec10b63c208de228baae670b6b285a360763a3877c29b92a516d95474
memi_4_L,/Users/aryanmalla/PycharmProjects/Skin-Care-AI/dataset_sources/extracted/memi_ds/images/4_L.jpg,memi_ds,melasma_mask,memi_subject_4,full_face,train,-1,1,-1,-1,-1,0.024215970346793552,c3db20c998efb1e4d5ac2a91b26fa9ffca2d8a8f7d4c7eb59ac44d1bc34d48a1
memi_4_R,/Users/aryanmalla/PycharmProjects/Skin-Care-AI/dataset_sources/extracted/memi_ds/images/4_R.jpg,memi_ds,melasma_mask,memi_subject_4,full_face,train,-1,1,-1,-1,-1,0.007953380415523549,12c0765f66aa78117b9454e1ffd3cdc0749fe7ff803ac0fbd3e3b106bb42803e
memi_50_F,/Users/aryanmalla/PycharmProjects/Skin-Care-AI/dataset_sources/extracted/memi_ds/images/50_F.jpg,memi_ds,melasma_mask,memi_subject_50,full_face,train,-1,1,-1,-1,-1,0.06875394063285895,83b497de4c2e2c067c799680d4bb06e6bfb351fc95bde8838b5e255630678da8
memi_50_L,/Users/aryanmalla/PycharmProjects/Skin-Care-AI/dataset_sources/extracted/memi_ds/images/50_L.jpg,memi_ds,melasma_mask,memi_subject_50,full_face,train,-1,1,-1,-1,-1,0.02468812067758345,a6c94d4efac7047e2d8786c225b986564f0fc340edef40707e3d6f2edc3858f2
memi_51_F,/Users/aryanmalla/PycharmProjects/Skin-Care-AI/dataset_sources/extracted/memi_ds/images/51_F.jpg,memi_ds,melasma_mask,memi_subject_51,full_face,train,-1,1,-1,-1,-1,0.196674139356853,aaa3ef40a7a99a6d0b32613fbe678246822e1048703243eca01be40b50bdff66
memi_51_R,/Users/aryanmalla/PycharmProjects/Skin-Care-AI/dataset_sources/extracted/memi_ds/images/51_R.jpg,memi_ds,melasma_mask,memi_subject_51,full_face,train,-1,1,-1,-1,-1,0.09401998358553383,8b55a406a2a3129c7991a31092a191a16b811c07272da74cb04fc48858f476b0
memi_52_F,/Users/aryanmalla/PycharmProjects/Skin-Care-AI/dataset_sources/extracted/memi_ds/images/52_F.jpg,memi_ds,melasma_mask,memi_subject_52,full_face,train,-1,1,-1,-1,-1,0.1922447229009488,e6d35a4ede81f7ca48225b195c25f682b3a6e23871eaf464f694c7964fd30aa4
memi_55_F,/Users/aryanmalla/PycharmProjects/Skin-Care-AI/dataset_sources/extracted/memi_ds/images/55_F.jpg,memi_ds,melasma_mask,memi_subject_55,full_face,train,-1,1,-1,-1,-1,0.08936970191400892,8593afb2c58da03a7eb35e49f56840b2f9617438b25fd04f9d5958c29e84c3a7
memi_55_L,/Users/aryanmalla/PycharmProjects/Skin-Care-AI/dataset_sources/extracted/memi_ds/images/55_L.jpg,memi_ds,melasma_mask,memi_subject_55,full_face,train,-1,1,-1,-1,-1,0.057039153592249654,ebd4d4ec31e3c7ecc5c20d6230866f8f61710880bf3fa8b92ba2bb069f9052b5
memi_55_R,/Users/aryanmalla/PycharmProjects/Skin-Care-AI/dataset_sources/extracted/memi_ds/images/55_R.jpg,memi_ds,melasma_mask,memi_subject_55,full_face,train,-1,1,-1,-1,-1,0.0867525858589106,983ca36560cfa383a31dabaa960bff85abff11d14c427c4ffb6016010a1a2105
memi_5_L,/Users/aryanmalla/PycharmProjects/Skin-Care-AI/dataset_sources/extracted/memi_ds/images/5_L.jpg,memi_ds,melasma_mask,memi_subject_5,full_face,train,-1,1,-1,-1,-1,0.09496646108396205,612d671788698a74b5b085cd2f14207252c253cea135fd8aef73ec62081d93d7
memi_5_R,/Users/aryanmalla/PycharmProjects/Skin-Care-AI/dataset_sources/extracted/memi_ds/images/5_R.jpg,memi_ds,melasma_mask,memi_subject_5,full_face,train,-1,1,-1,-1,-1,0.09997095318215592,5efb51155f7a0a1b37848aee8139416cb954f8d7455f24a594bf19a1d91e8963
memi_61_F,/Users/aryanmalla/PycharmProjects/Skin-Care-AI/dataset_sources/extracted/memi_ds/images/61_F.jpg,memi_ds,melasma_mask,memi_subject_61,full_face,train,-1,1,-1,-1,-1,0.08387542152491999,584e1e7c800455b6ed47f279751e52df20a667ae24cde7d9dc42a2be88b24dad
memi_63_F,/Users/aryanmalla/PycharmProjects/Skin-Care-AI/dataset_sources/extracted/memi_ds/images/63_F.jpg,memi_ds,melasma_mask,memi_subject_63,full_face,train,-1,1,-1,-1,-1,0.22391814557613168,849e428c35dc8c7602ccd1ac0ea662c219d88c13823e4f0e232180f4265882a9
memi_66_F,/Users/aryanmalla/PycharmProjects/Skin-Care-AI/dataset_sources/extracted/memi_ds/images/66_F.jpg,memi_ds,melasma_mask,memi_subject_66,full_face,train,-1,1,-1,-1,-1,0.18929907193072704,90f69aad0edd0cdc1612774072e0a1346f3ab31286b63ed662732285b9fce2b9
memi_6_F,/Users/aryanmalla/PycharmProjects/Skin-Care-AI/dataset_sources/extracted/memi_ds/images/6_F.jpg,memi_ds,melasma_mask,memi_subject_6,full_face,train,-1,1,-1,-1,-1,0.08655326574645633,ee32357ae76b2fa9a937a3cf7a3d969c63713a366ce116e8465ec9ff7c329492
memi_6_L,/Users/aryanmalla/PycharmProjects/Skin-Care-AI/dataset_sources/extracted/memi_ds/images/6_L.jpg,memi_ds,melasma_mask,memi_subject_6,full_face,train,-1,1,-1,-1,-1,0.06260923255672725,b007de3bfb871f17e48d9a80732769722b7eaa1a2f1f67e38bcf0f2d2b9f0640
memi_6_R,/Users/aryanmalla/PycharmProjects/Skin-Care-AI/dataset_sources/extracted/memi_ds/images/6_R.jpg,memi_ds,melasma_mask,memi_subject_6,full_face,train,-1,1,-1,-1,-1,0.04795253423996913,7b4ccab241611c7485e28280e563c3a63c31e884baf4a387d498eede601685ef
memi_71_F,/Users/aryanmalla/PycharmProjects/Skin-Care-AI/dataset_sources/extracted/memi_ds/images/71_F.jpg,memi_ds,melasma_mask,memi_subject_71,full_face,train,-1,1,-1,-1,-1,0.08274274075145747,287a5c337bc638af3ae67eedb2349bc3de4cca7e3bad4b0b17464fbcfcc6815f
memi_73_F,/Users/aryanmalla/PycharmProjects/Skin-Care-AI/dataset_sources/extracted/memi_ds/images/73_F.jpg,memi_ds,melasma_mask,memi_subject_73,full_face,train,-1,1,-1,-1,-1,0.08210548571816415,b548876ca36518b47a392850ac397baf967f8d8ce8c0088fbd1137a6be48f4c4
memi_74_F,/Users/aryanmalla/PycharmProjects/Skin-Care-AI/dataset_sources/extracted/memi_ds/images/74_F.jpg,memi_ds,melasma_mask,memi_subject_74,full_face,train,-1,1,-1,-1,-1,0.18846411545853337,26c6321f3ace083b6a591b5f7643dc6396b9e7ff0080824a01cdec131cb843f7
memi_79_F,/Users/aryanmalla/PycharmProjects/Skin-Care-AI/dataset_sources/extracted/memi_ds/images/79_F.jpg,memi_ds,melasma_mask,memi_subject_79,full_face,train,-1,1,-1,-1,-1,0.1767613847450846,5e408a0a42f27af6e698f6bcdfbe4efdbf499e8e1d9adc2a92e8b54352e8df0a
memi_7_F,/Users/aryanmalla/PycharmProjects/Skin-Care-AI/dataset_sources/extracted/memi_ds/images/7_F.jpg,memi_ds,melasma_mask,memi_subject_7,full_face,train,-1,1,-1,-1,-1,0.10446243739640489,29a08f4e49142a6d13637bd5e94b964653a71e4ef15b8178e08ceaae66bdbec1
memi_7_L,/Users/aryanmalla/PycharmProjects/Skin-Care-AI/dataset_sources/extracted/memi_ds/images/7_L.jpg,memi_ds,melasma_mask,memi_subject_7,full_face,train,-1,1,-1,-1,-1,0.046928360410951074,8c8e1078d66edd9804481a15ea27579820b59ba700addcb7d9b43ffcb2f7dfbd
memi_81_F,/Users/aryanmalla/PycharmProjects/Skin-Care-AI/dataset_sources/extracted/memi_ds/images/81_F.jpg,memi_ds,melasma_mask,memi_subject_81,full_face,train,-1,1,-1,-1,-1,0.2103922302776349,a1b7a49ef26865d807ff54115103c3af8ffa837cb81113268898b24486fb2cf0
memi_82_F,/Users/aryanmalla/PycharmProjects/Skin-Care-AI/dataset_sources/extracted/memi_ds/images/82_F.jpg,memi_ds,melasma_mask,memi_subject_82,full_face,train,-1,1,-1,-1,-1,0.1504300313285894,b4c6df4ccde4bb4a53e2663f0b74b7f0dc99eb7c0bdbce1d3d4b12cfe0d08acf
memi_84_F,/Users/aryanmalla/PycharmProjects/Skin-Care-AI/dataset_sources/extracted/memi_ds/images/84_F.jpg,memi_ds,melasma_mask,memi_subject_84,full_face,train,-1,1,-1,-1,-1,0.08307719219750229,8d38533c5224ea5aee31f7f16a198ac3f494853e4dc4a23f6d854402f34f9947
memi_86_F,/Users/aryanmalla/PycharmProjects/Skin-Care-AI/dataset_sources/extracted/memi_ds/images/86_F.jpg,memi_ds,melasma_mask,memi_subject_86,full_face,train,-1,1,-1,-1,-1,0.1706534596300583,3f2d82a47420181a1d2e3ab0605fcedee106017759e3bfb935eb471c6937a1f7
memi_89_F,/Users/aryanmalla/PycharmProjects/Skin-Care-AI/dataset_sources/extracted/memi_ds/images/89_F.jpg,memi_ds,melasma_mask,memi_subject_89,full_face,train,-1,1,-1,-1,-1,0.25571994580904206,fb440eea1e28f32373a292bf79e002818176374ead8b731e4fd971a791f22369
memi_8_F,/Users/aryanmalla/PycharmProjects/Skin-Care-AI/dataset_sources/extracted/memi_ds/images/8_F.jpg,memi_ds,melasma_mask,memi_subject_8,full_face,train,-1,1,-1,-1,-1,0.05729931350380087,d93906a9ba5184401f6c214daa2bfc16a981e030ee0ed2c8ade5cba66f40dfa7
memi_8_L,/Users/aryanmalla/PycharmProjects/Skin-Care-AI/dataset_sources/extracted/memi_ds/images/8_L.jpg,memi_ds,melasma_mask,memi_subject_8,full_face,train,-1,1,-1,-1,-1,0.10817009289623343,9d9cf8e669177bb415fb96924ff6a9d33c039e81491d65647417a4ee14d585d7
memi_8_R,/Users/aryanmalla/PycharmProjects/Skin-Care-AI/dataset_sources/extracted/memi_ds/images/8_R.jpg,memi_ds,melasma_mask,memi_subject_8,full_face,train,-1,1,-1,-1,-1,0.06805389222893804,548f6d73dedf5b76b33e6e7ee28a48c255246953ddd801907ad230fee6ec989a
memi_90_F,/Users/aryanmalla/PycharmProjects/Skin-Care-AI/dataset_sources/extracted/memi_ds/images/90_F.jpg,memi_ds,melasma_mask,memi_subject_90,full_face,train,-1,1,-1,-1,-1,0.1281726559820816,bc66e7503fc12ab6cee99ec6444f6354e421f61b1caaa0f1404bdc42babf8b16
memi_90_L,/Users/aryanmalla/PycharmProjects/Skin-Care-AI/dataset_sources/extracted/memi_ds/images/90_L.jpg,memi_ds,melasma_mask,memi_subject_90,full_face,train,-1,1,-1,-1,-1,0.02301050507973251,9410b0de1103ca0d8cccc669491732d95e632ce5c04c12405619288328c2e706
memi_91_F,/Users/aryanmalla/PycharmProjects/Skin-Care-AI/dataset_sources/extracted/memi_ds/images/91_F.jpg,memi_ds,melasma_mask,memi_subject_91,full_face,train,-1,1,-1,-1,-1,0.1691229200602995,6a4cce73889b1e35c4acf7a68dff3fb6b0770da0b97e9685c1b723a1d5c15b09
memi_95_F,/Users/aryanmalla/PycharmProjects/Skin-Care-AI/dataset_sources/extracted/memi_ds/images/95_F.jpg,memi_ds,melasma_mask,memi_subject_95,full_face,train,-1,1,-1,-1,-1,0.09657865994370142,67302b544f1b1d7181ae0fb86e49d8de0447cf86791ee7c5d4e77c95970dd04f
memi_95_L,/Users/aryanmalla/PycharmProjects/Skin-Care-AI/dataset_sources/extracted/memi_ds/images/95_L.jpg,memi_ds,melasma_mask,memi_subject_95,full_face,train,-1,1,-1,-1,-1,0.045566274523462506,2720cfc8501ecd1af681b1ac4cc9f748aff618438972da531506e67408cad713
memi_95_R,/Users/aryanmalla/PycharmProjects/Skin-Care-AI/dataset_sources/extracted/memi_ds/images/95_R.jpg,memi_ds,melasma_mask,memi_subject_95,full_face,train,-1,1,-1,-1,-1,0.047280059102794925,4a4f1aa11dcf8dcc9ee6328a92914b18d753742d6c563eb7c97489eda7550f89
memi_96_F,/Users/aryanmalla/PycharmProjects/Skin-Care-AI/dataset_sources/extracted/memi_ds/images/96_F.jpg,memi_ds,melasma_mask,memi_subject_96,full_face,train,-1,1,-1,-1,-1,0.15862995247127915,c752e638449ff853bd1b2edafa7a9d2824e11e01d67fffa19e8474f5512fdb22
memi_98_F,/Users/aryanmalla/PycharmProjects/Skin-Care-AI/dataset_sources/extracted/memi_ds/images/98_F.jpg,memi_ds,melasma_mask,memi_subject_98,full_face,train,-1,1,-1,-1,-1,0.24284663503443643,1032b9a268ab99e21ecd0833827190c4c515402378e59b306033d763c06bb448
memi_99_F,/Users/aryanmalla/PycharmProjects/Skin-Care-AI/dataset_sources/extracted/memi_ds/images/99_F.jpg,memi_ds,melasma_mask,memi_subject_99,full_face,train,-1,1,-1,-1,-1,0.11055423159222108,3977b99d44f4aad39b495b162044376da28f198f05fa9053d63a20e64f1cf8a2
memi_9_F,/Users/aryanmalla/PycharmProjects/Skin-Care-AI/dataset_sources/extracted/memi_ds/images/9_F.jpg,memi_ds,melasma_mask,memi_subject_9,full_face,train,-1,1,-1,-1,-1,0.31326881412179924,f754cf5e6bf02f6b7ee0ab7f039464c0122ad335b71e6e1262b407c61512c578
memi_9_L,/Users/aryanmalla/PycharmProjects/Skin-Care-AI/dataset_sources/extracted/memi_ds/images/9_L.jpg,memi_ds,melasma_mask,memi_subject_9,full_face,train,-1,1,-1,-1,-1,0.12598365117383972,9172e359165d00957cc2eda4030cef48a7d5dd5fa4c214dde4187b505b8aae14
memi_9_R,/Users/aryanmalla/PycharmProjects/Skin-Care-AI/dataset_sources/extracted/memi_ds/images/9_R.jpg,memi_ds,melasma_mask,memi_subject_9,full_face,train,-1,1,-1,-1,-1,0.10962823868669981,593c9d736bf2aaa0910873a42de322bc126155e46beb022149b8f615f572c0a7
