epoch,learning_rate,loss,val_loss,val_macro_pr_auc,val_macro_roc_auc
0,0.0010000000474974513,0.4586035907268524,0.40418529510498047,0.8518382880950673,0.631767640949076
1,0.0010000000474974513,0.38295936584472656,0.40866273641586304,0.8539018291045201,0.6576555923830577
2,0.0010000000474974513,0.3321686089038849,0.4046057164669037,0.8534679786966836,0.660636392633612
3,0.0010000000474974513,0.3046134412288666,0.40548408031463623,0.8624767067091955,0.6809884966299224
4,0.0010000000474974513,0.2824026346206665,0.392983078956604,0.8588137569149008,0.6820151804603947
5,0.0010000000474974513,0.2885386645793915,0.39203378558158875,0.8756770649154675,0.6948208833770975
6,0.0010000000474974513,0.2757149040699005,0.3948187530040741,0.8746145177950966,0.7029840281283797
7,0.0010000000474974513,0.24835698306560516,0.40871304273605347,0.8711840898070491,0.7024748305964369
8,0.0010000000474974513,0.2520461082458496,0.40538495779037476,0.8669184031734956,0.6936688215942972
9,0.00010000000474974513,0.22653494775295258,0.40265655517578125,0.8644683328409899,0.689144620567083
10,0.00010000000474974513,0.2380051463842392,0.3994395434856415,0.8644883310332574,0.690093968788161
