image_id,usable,image_scope,blemishes,dark_spots,redness,visible_pores,fine_lines,notes
003ed47acf2c597b,1,facial_closeup,1,-1,-1,-1,-1,
004b097771531ae6,1,full_face,1,1,0,1,1,
00d11dace9c302fd,1,full_face,-1,-1,-1,-1,-1,
01851fde46bf9ae1,1,full_face,0,1,0,1,0,
057cf8791093e460,1,facial_closeup,0,0,1,1,1,
0597b235a9afce8d,0,facial_closeup,0,0,0,0,0,
081ffa9b4ae3d5fc,1,facial_closeup,1,1,0,1,0,
0872e1c65d2217df,0,facial_closeup,0,0,0,0,0,
09a6843733de5386,0,facial_closeup,0,1,0,1,0,
09bb1c2629ff3b91,1,facial_closeup,1,0,0,0,0,
0ad2c23d0204103a,1,full_face,0,1,0,1,1,
0b2c01acf7350735,1,facial_closeup,1,1,0,1,0,
0b59a055d0fe99da,1,facial_closeup,0,0,0,0,1,
0bd8d0dbcdca7d31,1,full_face,1,1,0,1,1,
0c06539730734e2b,1,facial_closeup,0,0,0,1,0,
0c581e76f2834ea5,1,facial_closeup,0,0,0,1,1,
0f43fd3e13b91b05,1,facial_closeup,1,0,0,1,0,
0fe69fd6758cdf31,1,facial_closeup,0,0,0,1,1,
1030b16869dc78f3,1,facial_closeup,0,0,0,0,1,
13437063b565a454,1,facial_closeup,1,0,1,1,0,
141111a9150872be,1,facial_closeup,0,0,0,1,0,
145bf146aed6dd61,1,facial_closeup,0,0,1,1,1,
15934600751eabd6,1,facial_closeup,1,1,0,1,0,
17091b58faa54732,1,facial_closeup,0,0,0,0,0,
171cf83f326b1799,1,facial_closeup,0,0,0,1,1,
18305d14da55bc3c,0,facial_closeup,0,0,0,0,0,
1946d0d281ff3029,1,full_face,0,0,0,1,1,
1ac3f1d98e7854b6,1,full_face,0,0,0,0,0,
1b376de7b4cea67a,1,facial_closeup,0,0,1,1,1,
1bffd244d5979894,1,facial_closeup,0,0,0,1,1,
1d9c22abe9448882,1,full_face,0,0,0,1,1,
20931868ab56a9c8,1,facial_closeup,1,1,0,1,0,
23ba2b5939d4e2b4,1,facial_closeup,0,0,0,0,1,
2420d353d63e7c42,1,facial_closeup,0,0,0,0,1,
2448d8af0cf2e7d0,1,facial_closeup,0,0,0,1,1,
26b1e8c86f56bf93,1,facial_closeup,1,0,1,1,0,
278cd25fb0e6b714,1,full_face,0,0,0,1,1,
28968516cf67fd77,1,full_face,0,0,0,0,1,
28e4112482dc4591,1,facial_closeup,0,0,0,1,1,
2c376bb019b61b8b,1,facial_closeup,0,0,0,0,1,
2c9b0e738f2407db,1,facial_closeup,0,0,0,1,1,
2cf5881b19498aab,1,facial_closeup,0,0,0,1,1,
2f42b46d0ed6039b,1,facial_closeup,0,0,0,1,1,
2ff09b227394a0a2,1,facial_closeup,1,1,0,1,0,
300058cb6833a22f,1,facial_closeup,0,0,0,1,1,
30bf6d1eb8e19232,1,facial_closeup,0,0,0,0,0,
30d3fa730ef7ed17,1,facial_closeup,1,0,1,1,0,
31e57cad3edb1c71,1,facial_closeup,1,1,0,1,0,
32bd3174df4aa4f2,1,facial_closeup,1,0,0,1,1,
336f4942f099ead8,1,full_face,0,0,0,1,1,
338b60ca37961254,1,facial_closeup,0,0,0,1,1,
353a1950497b9fac,1,facial_closeup,0,1,0,1,0,
35caa46a760a70b7,1,facial_closeup,1,0,0,1,1,
364a9dcb375e9b66,1,facial_closeup,0,0,1,0,0,
3714db959c5443b5,1,facial_closeup,0,0,1,0,1,
37188ef727b2d4da,1,facial_closeup,0,0,0,1,1,
38a9fae82eca2902,1,facial_closeup,1,0,1,1,0,
3924d59a19ae30ac,1,facial_closeup,1,0,1,1,0,
3bf416b8668e8db9,1,full_face,0,0,0,1,1,
3c385d10ee39a64c,1,facial_closeup,1,0,0,0,0,
3c3c5429f4056a2e,1,facial_closeup,0,0,0,0,1,
3cb385ed6147f9ba,1,facial_closeup,0,0,1,1,0,
3cc17be6f758d19f,1,full_face,0,0,0,0,0,
3d5fb86e98761a2e,1,facial_closeup,0,1,0,1,0,
3dcfa041dc3f5856,1,facial_closeup,1,0,0,1,0,
3f3498457c5007ca,1,facial_closeup,0,0,0,1,1,
3fab092bb1b8d843,1,facial_closeup,1,1,0,1,0,
3fbdfe3df10d1d12,1,facial_closeup,0,1,0,1,0,
40c8d23f2c199db2,1,facial_closeup,0,1,0,1,0,
41c058c8be97df6d,1,facial_closeup,0,0,0,0,0,
41f96afe4972ab19,1,facial_closeup,0,0,0,1,1,
4226e54a5e3faab9,1,facial_closeup,1,0,0,1,0,
427805cbda01f52e,1,facial_closeup,1,0,1,0,0,
433d5439dfc51bff,1,facial_closeup,0,0,0,1,1,
43842dc02f52f496,1,facial_closeup,0,0,0,0,1,
44005fb35d8472ad,1,full_face,0,1,0,1,1,
44ff672a3e57075a,1,facial_closeup,0,0,1,1,0,
459b23ad0d4088a0,1,facial_closeup,0,0,0,1,1,
45a314b7059e2278,1,facial_closeup,0,0,0,0,0,
46329d97926c88a0,1,facial_closeup,0,1,0,1,0,
464dacaedbca9b56,1,full_face,0,0,0,0,0,
46cae7e88989329b,1,facial_closeup,1,1,0,0,0,
4778d63a73a253c1,1,facial_closeup,0,0,0,0,1,
47d6edd6bf274344,1,facial_closeup,0,0,1,1,0,
484b5fd3e66257e5,1,full_face,0,0,0,1,1,
48e765dbda2c8cf3,1,facial_closeup,0,0,1,1,0,
48fb1da6732c55e7,1,facial_closeup,0,0,0,1,0,
492b69263682e449,1,facial_closeup,0,1,0,1,0,
4a0901b2e217202d,1,full_face,0,0,0,1,1,
4aa70e01a3f773ab,1,facial_closeup,0,0,0,1,1,
4b26de0ce675b742,1,facial_closeup,1,1,0,1,0,
4b9d75921b2e100b,1,facial_closeup,0,0,0,1,1,
4c08ded8bf956c8f,1,facial_closeup,0,0,0,1,1,
4c5fe54d6b6d3d57,1,facial_closeup,0,1,0,1,0,
4c8430d100280567,1,facial_closeup,1,0,1,1,0,
4d5c79cda8a2a8c5,1,facial_closeup,1,0,1,1,0,
4e83b06991a6774d,1,facial_closeup,1,1,0,1,0,
51e236ac3b73f2e3,1,facial_closeup,0,0,0,1,1,
52a94114192a2d7c,1,facial_closeup,0,0,0,0,1,
5313ebed3d0db89d,1,facial_closeup,0,0,0,1,1,
53b1621440ba03fa,1,facial_closeup,0,0,0,0,0,
5419a8d559aa11b3,0,facial_closeup,0,0,0,0,0,
5494c60c0f75e4f6,1,facial_closeup,0,0,0,0,1,
54c45a42e96076eb,1,facial_closeup,0,1,0,1,0,
55e0aecd28ae2a3e,1,full_face,0,0,0,1,1,
57ea9485b8195437,1,full_face,0,0,0,1,1,
58817f0f090466f8,1,facial_closeup,0,0,0,1,1,
59442a319edbb39a,1,facial_closeup,0,1,0,1,0,
595c022f13007b87,1,facial_closeup,0,0,0,0,0,
5bda0fe6e30c1947,1,full_face,0,1,0,1,1,
5bdd41fefc01bb48,1,full_face,0,1,0,1,1,
5be2824bbdfd22c7,1,facial_closeup,0,0,0,1,0,
5c04be696a1d1cc0,1,facial_closeup,0,1,0,0,0,
5c3f7d9961fdeffd,1,full_face,0,0,0,1,1,
5cc48aa682844d14,1,full_face,0,1,0,1,1,
5d349f88773aee70,1,facial_closeup,0,1,0,1,1,
5eb587e68ff8ec59,1,facial_closeup,0,0,0,1,0,
5f4fd7cf6881c2ed,1,full_face,0,1,0,1,1,
61417326be1b8445,1,facial_closeup,0,1,1,1,1,
61591c2932711eb4,1,full_face,0,1,0,1,1,
6178db123e06333b,1,facial_closeup,1,1,0,1,0,
6210e51d215f474c,1,facial_closeup,0,0,0,1,1,
623a0296297d9062,1,facial_closeup,0,1,0,1,1,
624b60b12a7d26d2,1,facial_closeup,0,1,0,1,1,
62d2088a57d1f92c,1,facial_closeup,1,0,0,0,0,
63614f0c3bb9ef11,1,facial_closeup,0,0,0,1,1,
63adbcdd79dabb3c,1,facial_closeup,1,0,0,0,0,
654bbe97d689b7cd,1,facial_closeup,0,1,0,1,1,
6744af381187da7b,1,facial_closeup,0,1,0,1,1,
692c0b77f633c76c,1,full_face,1,1,0,1,1,
6973f0cbc88d1833,1,facial_closeup,1,0,1,1,0,
6a1de6ffaed3eaac,1,facial_closeup,0,0,0,1,1,
6b4d1c388b446648,1,facial_closeup,0,1,0,1,1,
6d33b0c487555e77,1,facial_closeup,0,1,0,1,1,
6df48d43de2a7897,1,facial_closeup,1,1,0,0,0,
6e66e5f9bfd55094,1,facial_closeup,1,0,1,0,0,
6e9c1e4615c78d32,1,facial_closeup,0,0,0,1,0,
70cbce46f68dd07c,1,facial_closeup,0,0,0,0,0,
722f8fa1175d0450,1,facial_closeup,1,0,0,0,0,
72cb36c02e4063d8,1,facial_closeup,0,1,0,1,1,
73a6831af9d7bf00,1,facial_closeup,1,0,0,0,0,
749d8aa9f3f0f495,1,facial_closeup,0,0,0,1,0,
76ece46a5b5b00bc,1,full_face,0,1,0,1,1,
7770e7581fbe8f7f,1,facial_closeup,0,0,0,1,0,
77a161ce2fc66303,1,facial_closeup,0,0,0,1,1,
77b8e44206af11c2,1,facial_closeup,0,1,0,1,1,
78a565eaa82e097b,1,facial_closeup,1,0,0,0,0,
797de14e75fc05b4,1,facial_closeup,0,0,0,0,0,
7adc8e1793069720,1,facial_closeup,0,0,0,0,0,
7d34297e5fe99154,1,facial_closeup,0,0,0,1,0,
7f3dafa1d9452cad,1,facial_closeup,1,1,0,1,1,
7f905c26d4016ee8,1,facial_closeup,0,0,1,1,1,
7fa77ba61c92df69,1,facial_closeup,0,0,0,0,0,
8051ea698256bccf,1,facial_closeup,0,0,0,0,0,
8126105a727c2b1c,1,facial_closeup,0,0,0,1,0,
813d86f4fd4aaa49,1,facial_closeup,0,1,0,1,0,
81f9682bb0bb21ed,1,facial_closeup,0,0,0,0,0,
82781ea51f7c1f82,1,facial_closeup,0,0,0,1,0,
83fb4e930d79ef82,1,facial_closeup,0,0,0,0,0,
840928b06a4f99af,1,full_face,0,1,1,1,1,
8457550218ce8d1f,1,facial_closeup,0,0,0,1,0,
84cbe10cd0cc864f,1,facial_closeup,1,0,0,1,0,
852a4875c739247f,1,facial_closeup,1,0,1,0,0,
88faacdf3b803526,1,facial_closeup,0,0,0,1,0,
8b088209bcc54f24,1,facial_closeup,0,1,0,1,1,
8b64a52d704863cf,1,facial_closeup,0,1,0,1,1,
8b89e7f3f52e68aa,1,facial_closeup,0,1,0,1,1,
8ce1aae7ca6924a3,1,facial_closeup,0,0,0,0,0,
8d4d820e74bf974e,1,facial_closeup,0,1,0,1,1,
8d814ef8d70ab182,1,facial_closeup,0,0,0,0,0,
8d89af4265a9a423,1,facial_closeup,1,1,1,1,1,
8eaa04ac9a1a2d18,1,facial_closeup,0,1,0,1,1,
8f8aa86c7af3d6f4,1,facial_closeup,1,0,0,0,0,
8fa46054905dbd1b,1,facial_closeup,0,1,0,1,1,
8fc25023302d4e94,1,full_face,0,1,0,1,1,
9092d4fd75e5f187,1,facial_closeup,0,1,0,1,1,
90cff434448b1d8c,1,facial_closeup,0,1,0,1,1,
911c6d555d699452,1,facial_closeup,0,1,0,1,1,
91621af73bb71519,1,facial_closeup,0,0,0,1,0,
91fe3a6af3524fb4,1,facial_closeup,0,1,0,1,1,
933f9969d79a7360,1,facial_closeup,0,0,0,0,0,
93a0554ddff2d250,1,full_face,0,1,0,1,1,
94540fb860fd14db,1,facial_closeup,0,1,0,1,0,
94971328e8a8b212,1,facial_closeup,0,0,0,0,0,
956ea3383f2f0484,1,facial_closeup,0,0,0,1,1,
96110ad248ed940d,1,facial_closeup,0,0,0,0,0,
967f31f8bf542946,1,facial_closeup,0,1,0,1,1,
977698e677ea96b7,1,facial_closeup,0,0,0,0,0,
97f9464924439467,1,facial_closeup,0,1,0,1,1,
9a4ff21f0baa93a4,1,facial_closeup,0,1,0,1,1,
9ca6c60f44e740a8,1,full_face,0,1,0,1,1,
9d60112f947d7973,1,facial_closeup,0,1,0,1,0,
9d60caf1a81e42f8,1,facial_closeup,0,0,0,0,0,
9dc1b7b7e7a27afc,1,facial_closeup,0,0,0,1,0,
9de7f9eb2b2c7bbd,1,facial_closeup,0,0,0,0,0,
9f1cb881a8338ade,1,facial_closeup,0,0,0,0,0,
9f64840f0071ff3c,1,facial_closeup,1,0,0,1,0,
a03437f25a079be5,1,facial_closeup,0,1,0,1,0,
a03910c1dea09201,1,facial_closeup,0,1,0,1,0,
a09eb4eb0221ae92,1,facial_closeup,0,0,0,1,1,
