image_id,case_id,original_path,source,original_label,duplicate_group,split,image_scope,quality_status,review_concern,label_origin,source_url,sha256,dhash,blemishes,dark_spots,redness,visible_pores,fine_lines
scin_bcba562c2abb7f02234ee8af,-5091992507627486589,/Users/aryanmalla/PycharmProjects/Skin-Care-AI/dataset_sources/extracted/scin_cosmetic_candidates/images/bcba562c2abb7f02234ee8af.png,scin_review_only,withheld; review pixels independently,scin_case_-5091992507627486589,train,unverified,no single detected face; may be privacy-masked or a close-up; review scope,Review scope first; then all five concerns independently,unannotated_cosmetic_candidate,https://storage.googleapis.com/dx-scin-public-data/dataset/images/-4084716385777176651.png,cad16439114f65716778be2b86d88091705badbda85ef57fbb9f2195465963df,ecf000c08081f333,-1,-1,-1,-1,-1
scin_cf14b85a37c3af6fdb05bc1c,2466364176000821696,/Users/aryanmalla/PycharmProjects/Skin-Care-AI/dataset_sources/extracted/scin_cosmetic_candidates/images/cf14b85a37c3af6fdb05bc1c.png,scin_review_only,withheld; review pixels independently,scin_case_2466364176000821696,train,unverified,no single detected face; may be privacy-masked or a close-up; review scope,Review scope first; then all five concerns independently,unannotated_cosmetic_candidate,https://storage.googleapis.com/dx-scin-public-data/dataset/images/3843935388744370828.png,302712713b1433225f4a842281ef2153b640891bbc78e52a17e46ea8a560728d,f9de1c87cc1c983e,-1,-1,-1,-1,-1
scin_0b4a3c0f35d6f735b20363e1,-3709809055383318696,/Users/aryanmalla/PycharmProjects/Skin-Care-AI/dataset_sources/extracted/scin_cosmetic_candidates/images/0b4a3c0f35d6f735b20363e1.png,scin_review_only,withheld; review pixels independently,scin_case_-3709809055383318696,train,unverified,no single detected face; may be privacy-masked or a close-up; review scope,Review scope first; then all five concerns independently,unannotated_cosmetic_candidate,https://storage.googleapis.com/dx-scin-public-data/dataset/images/-5269544062640143066.png,96706fb69b2b43d0b74a41591fc3e7ec4f05e39d824453eb0b6527e6282c97d7,1c330b6bc4864038,-1,-1,-1,-1,-1
scin_8b344d94bdc8024d27f0ff3c,6857595741723301953,/Users/aryanmalla/PycharmProjects/Skin-Care-AI/dataset_sources/extracted/scin_cosmetic_candidates/images/8b344d94bdc8024d27f0ff3c.png,scin_review_only,withheld; review pixels independently,scin_case_6857595741723301953,train,unverified,no single detected face; may be privacy-masked or a close-up; review scope,Review scope first; then all five concerns independently,unannotated_cosmetic_candidate,https://storage.googleapis.com/dx-scin-public-data/dataset/images/-149370159562489829.png,c79b451ca528ee51452b9f66666bb8d0492b9f5f982b730cbdb7384eb8e0c47b,7f7b7c7e7818b8f3,-1,-1,-1,-1,-1
scin_310e6cfbe5d100d92fe5f1b7,8798670183321884538,/Users/aryanmalla/PycharmProjects/Skin-Care-AI/dataset_sources/extracted/scin_cosmetic_candidates/images/310e6cfbe5d100d92fe5f1b7.png,scin_review_only,withheld; review pixels independently,scin_case_8798670183321884538,train,unverified,no single detected face; may be privacy-masked or a close-up; review scope,Review scope first; then all five concerns independently,unannotated_cosmetic_candidate,https://storage.googleapis.com/dx-scin-public-data/dataset/images/-4045580211265582605.png,736d23553ea5967565eeacc4f7dd5e757dc9e49941501f49328ac8bd31df3976,3e3ac28b40c0d8c0,-1,-1,-1,-1,-1
scin_706e422894fcecf9000aa2a9,5521865311482085670,/Users/aryanmalla/PycharmProjects/Skin-Care-AI/dataset_sources/extracted/scin_cosmetic_candidates/images/706e422894fcecf9000aa2a9.png,scin_review_only,withheld; review pixels independently,scin_case_5521865311482085670,train,unverified,no single detected face; may be privacy-masked or a close-up; review scope,Review scope first; then all five concerns independently,unannotated_cosmetic_candidate,https://storage.googleapis.com/dx-scin-public-data/dataset/images/5998915010706142904.png,cf8e1e264739ca628b2a09a209e146001423372b880668296b3dbc557d247e8f,070341f2efcdcd4f,-1,-1,-1,-1,-1
scin_d15ab3e26d08807b66c31c3b,-8280175619096064565,/Users/aryanmalla/PycharmProjects/Skin-Care-AI/dataset_sources/extracted/scin_cosmetic_candidates/images/d15ab3e26d08807b66c31c3b.png,scin_review_only,withheld; review pixels independently,scin_case_-8280175619096064565,train,unverified,no single detected face; may be privacy-masked or a close-up; review scope,Review scope first; then all five concerns independently,unannotated_cosmetic_candidate,https://storage.googleapis.com/dx-scin-public-data/dataset/images/512906269511680512.png,54e1f975197d9e96ec27a5f5d2bb952bad8ea3ad32128d88330e6330b12b3f4e,f0a03c4318080800,-1,-1,-1,-1,-1
scin_c254c5f19a95e2b7467c833f,7610525890016915427,/Users/aryanmalla/PycharmProjects/Skin-Care-AI/dataset_sources/extracted/scin_cosmetic_candidates/images/c254c5f19a95e2b7467c833f.png,scin_review_only,withheld; review pixels independently,scin_case_7610525890016915427,train,unverified,no single detected face; may be privacy-masked or a close-up; review scope,Review scope first; then all five concerns independently,unannotated_cosmetic_candidate,https://storage.googleapis.com/dx-scin-public-data/dataset/images/-4639090956934471841.png,f5e87aacf472b88403a974df6475975a864b9e1e2ab61d9a1d6199d13a9e9ff6,c2028280e26e3c7a,-1,-1,-1,-1,-1
scin_e0f28b8319be329c867c17fe,2084479032845321772,/Users/aryanmalla/PycharmProjects/Skin-Care-AI/dataset_sources/extracted/scin_cosmetic_candidates/images/e0f28b8319be329c867c17fe.png,scin_review_only,withheld; review pixels independently,scin_case_2084479032845321772,train,unverified,no single detected face; may be privacy-masked or a close-up; review scope,Review scope first; then all five concerns independently,unannotated_cosmetic_candidate,https://storage.googleapis.com/dx-scin-public-data/dataset/images/8938987404946448422.png,7ba42a9fe27d490862275d123991e56cb564a661b4c9bc2e694b546bfd9548f7,3a3d1cc806272733,-1,-1,-1,-1,-1
scin_001fb8ba49c9e7af62c0267d,3617043208964869115,/Users/aryanmalla/PycharmProjects/Skin-Care-AI/dataset_sources/extracted/scin_cosmetic_candidates/images/001fb8ba49c9e7af62c0267d.png,scin_review_only,withheld; review pixels independently,scin_case_3617043208964869115,train,unverified,no single detected face; may be privacy-masked or a close-up; review scope,Review scope first; then all five concerns independently,unannotated_cosmetic_candidate,https://storage.googleapis.com/dx-scin-public-data/dataset/images/-8161636968220138594.png,b129986d96e95666e51f1e8a6e434af76b7ce7c66111975fb12f3095ac5498b3,098df6f01a3ececc,-1,-1,-1,-1,-1
scin_7fbcdee3b44c10321dd094a3,8180816002721912970,/Users/aryanmalla/PycharmProjects/Skin-Care-AI/dataset_sources/extracted/scin_cosmetic_candidates/images/7fbcdee3b44c10321dd094a3.png,scin_review_only,withheld; review pixels independently,scin_case_8180816002721912970,train,unverified,no single detected face; may be privacy-masked or a close-up; review scope,Review scope first; then all five concerns independently,unannotated_cosmetic_candidate,https://storage.googleapis.com/dx-scin-public-data/dataset/images/-8355516477878085320.png,00dbd941049e5614d8b71615a8d68db5f8478259ba695c43920b3859f94c8119,a030202010000000,-1,-1,-1,-1,-1
scin_2a0ce93157cba7c12d23b907,-111683086443147412,/Users/aryanmalla/PycharmProjects/Skin-Care-AI/dataset_sources/extracted/scin_cosmetic_candidates/images/2a0ce93157cba7c12d23b907.png,scin_review_only,withheld; review pixels independently,scin_case_-111683086443147412,train,unverified,no single detected face; may be privacy-masked or a close-up; review scope,Review scope first; then all five concerns independently,unannotated_cosmetic_candidate,https://storage.googleapis.com/dx-scin-public-data/dataset/images/-304171554496873031.png,7a598372e6c7dae74c509322b1b4f412613964a2465858b5b1ff23ac72de6647,4dccccfcfc786432,-1,-1,-1,-1,-1
scin_2023f9f95fd03d8a2cfe8e5b,532342982488973172,/Users/aryanmalla/PycharmProjects/Skin-Care-AI/dataset_sources/extracted/scin_cosmetic_candidates/images/2023f9f95fd03d8a2cfe8e5b.png,scin_review_only,withheld; review pixels independently,scin_case_532342982488973172,train,unverified,no single detected face; may be privacy-masked or a close-up; review scope,Review scope first; then all five concerns independently,unannotated_cosmetic_candidate,https://storage.googleapis.com/dx-scin-public-data/dataset/images/1876054088202915751.png,c0b65eb5fdc1efa771758eb2dd94eb457a09f8f26ce3d7d5fea4478abb092c8b,478d1c3360404840,-1,-1,-1,-1,-1
scin_e1f112945fe5764b52ae17bc,4338931421478204823,/Users/aryanmalla/PycharmProjects/Skin-Care-AI/dataset_sources/extracted/scin_cosmetic_candidates/images/e1f112945fe5764b52ae17bc.png,scin_review_only,withheld; review pixels independently,scin_case_4338931421478204823,train,unverified,no single detected face; may be privacy-masked or a close-up; review scope,Review scope first; then all five concerns independently,unannotated_cosmetic_candidate,https://storage.googleapis.com/dx-scin-public-data/dataset/images/-1664884190756241313.png,5820a913567406c846e54ef315bc81746007a3ac6a1f6b8ce63e874839dca1b3,f0f03030f0c0f071,-1,-1,-1,-1,-1
scin_d566c1a77281023354c6c878,-1698000878108568001,/Users/aryanmalla/PycharmProjects/Skin-Care-AI/dataset_sources/extracted/scin_cosmetic_candidates/images/d566c1a77281023354c6c878.png,scin_review_only,withheld; review pixels independently,scin_case_-1698000878108568001,train,unverified,no single detected face; may be privacy-masked or a close-up; review scope,Review scope first; then all five concerns independently,unannotated_cosmetic_candidate,https://storage.googleapis.com/dx-scin-public-data/dataset/images/1786869247473263119.png,d970c2978edaef1f2d9cea3ba4b24fc7c75188ff95cdc3d1907c9870f79e34be,0708102000000000,-1,-1,-1,-1,-1
scin_0ba3dd7499ec947ed6996781,-209875406325111802,/Users/aryanmalla/PycharmProjects/Skin-Care-AI/dataset_sources/extracted/scin_cosmetic_candidates/images/0ba3dd7499ec947ed6996781.png,scin_review_only,withheld; review pixels independently,scin_case_-209875406325111802,train,unverified,no single detected face; may be privacy-masked or a close-up; review scope,Review scope first; then all five concerns independently,unannotated_cosmetic_candidate,https://storage.googleapis.com/dx-scin-public-data/dataset/images/-7935950081089116729.png,5eaf800eed779ba603eecfa004365c003547daa36549d3facfe0eca42ea5c805,f4f8f8b1f2fb1b1e,-1,-1,-1,-1,-1
scin_20ac3b97938e5724bc61b831,3299546696242067710,/Users/aryanmalla/PycharmProjects/Skin-Care-AI/dataset_sources/extracted/scin_cosmetic_candidates/images/20ac3b97938e5724bc61b831.png,scin_review_only,withheld; review pixels independently,scin_case_3299546696242067710,train,unverified,no single detected face; may be privacy-masked or a close-up; review scope,Review scope first; then all five concerns independently,unannotated_cosmetic_candidate,https://storage.googleapis.com/dx-scin-public-data/dataset/images/-8977333528306725483.png,0ac991fc72b26f3fac885c43080a22e63c48bbed6fa1d31c5e16e9ceac9b9ca5,072171fa7f0f9cd8,-1,-1,-1,-1,-1
scin_7f5c295894411bcf90d4583d,3728849453050757216,/Users/aryanmalla/PycharmProjects/Skin-Care-AI/dataset_sources/extracted/scin_cosmetic_candidates/images/7f5c295894411bcf90d4583d.png,scin_review_only,withheld; review pixels independently,scin_case_3728849453050757216,train,unverified,no single detected face; may be privacy-masked or a close-up; review scope,Review scope first; then all five concerns independently,unannotated_cosmetic_candidate,https://storage.googleapis.com/dx-scin-public-data/dataset/images/3395074970687033732.png,737b18737172266466ebe9ab184222eb7dc09605d99e8216bd09dbcc9911d00b,3063eff7a801017f,-1,-1,-1,-1,-1
scin_0c3926179f9548df375c4b15,-4892774047319269882,/Users/aryanmalla/PycharmProjects/Skin-Care-AI/dataset_sources/extracted/scin_cosmetic_candidates/images/0c3926179f9548df375c4b15.png,scin_review_only,withheld; review pixels independently,scin_case_-4892774047319269882,train,unverified,no single detected face; may be privacy-masked or a close-up; review scope,Review scope first; then all five concerns independently,unannotated_cosmetic_candidate,https://storage.googleapis.com/dx-scin-public-data/dataset/images/19627971357186240.png,5f2f04ca0cba378e923f5a5088237b62c8715385574001550dfbca108cc2916d,7060e0c2c2c2c2d2,-1,-1,-1,-1,-1
scin_f52e8497de1bde16d6ea0658,-8383395647445023205,/Users/aryanmalla/PycharmProjects/Skin-Care-AI/dataset_sources/extracted/scin_cosmetic_candidates/images/f52e8497de1bde16d6ea0658.png,scin_review_only,withheld; review pixels independently,scin_case_-8383395647445023205,train,unverified,no single detected face; may be privacy-masked or a close-up; review scope,Review scope first; then all five concerns independently,unannotated_cosmetic_candidate,https://storage.googleapis.com/dx-scin-public-data/dataset/images/8077600272482094664.png,9d07311b4714a5ee5c7748d494d143bd2c8a44b1bc9252d3d880d4049344dee6,00000000000083cf,-1,-1,-1,-1,-1
scin_04b7128b19bac071a2afea8e,6962830424307768185,/Users/aryanmalla/PycharmProjects/Skin-Care-AI/dataset_sources/extracted/scin_cosmetic_candidates/images/04b7128b19bac071a2afea8e.png,scin_review_only,withheld; review pixels independently,scin_case_6962830424307768185,train,unverified,no single detected face; may be privacy-masked or a close-up; review scope,Review scope first; then all five concerns independently,unannotated_cosmetic_candidate,https://storage.googleapis.com/dx-scin-public-data/dataset/images/3160390909120097973.png,4d28b9e4a02318b69963e864ea487400f9f52522cb7d2afc73eabfde0272cb90,fcfcfc7efefe7e7e,-1,-1,-1,-1,-1
scin_89adad1f1618909d1bb1f2d4,8331677379882174486,/Users/aryanmalla/PycharmProjects/Skin-Care-AI/dataset_sources/extracted/scin_cosmetic_candidates/images/89adad1f1618909d1bb1f2d4.png,scin_review_only,withheld; review pixels independently,scin_case_8331677379882174486,train,unverified,no single detected face; may be privacy-masked or a close-up; review scope,Review scope first; then all five concerns independently,unannotated_cosmetic_candidate,https://storage.googleapis.com/dx-scin-public-data/dataset/images/1152966839010474024.png,60716662846de097cd29dbfc538b9132997d74da6aef37f0bd56b067dd34366e,e4c94a50272e434f,-1,-1,-1,-1,-1
scin_499cbb4cf74525abe8d0feb8,6586141413034658292,/Users/aryanmalla/PycharmProjects/Skin-Care-AI/dataset_sources/extracted/scin_cosmetic_candidates/images/499cbb4cf74525abe8d0feb8.png,scin_review_only,withheld; review pixels independently,scin_case_6586141413034658292,train,unverified,no single detected face; may be privacy-masked or a close-up; review scope,Review scope first; then all five concerns independently,unannotated_cosmetic_candidate,https://storage.googleapis.com/dx-scin-public-data/dataset/images/-5333923658908964631.png,ee3e1fae13d05bda48cff4aae4af61d879843de796395043c8ac5bdd7994b884,08c2e6fc7878f0f8,-1,-1,-1,-1,-1
scin_abc112541d2f6d872e3d57a5,-2740479848383925335,/Users/aryanmalla/PycharmProjects/Skin-Care-AI/dataset_sources/extracted/scin_cosmetic_candidates/images/abc112541d2f6d872e3d57a5.png,scin_review_only,withheld; review pixels independently,scin_case_-2740479848383925335,train,unverified,no single detected face; may be privacy-masked or a close-up; review scope,Review scope first; then all five concerns independently,unannotated_cosmetic_candidate,https://storage.googleapis.com/dx-scin-public-data/dataset/images/8709319601522217028.png,b35d7d670b58aaef40bb870a698c12f4fcb882ec0040c205a5b0d90c8d38576f,ef6fededf3fbf9d1,-1,-1,-1,-1,-1
scin_fdcb1db87da153a7175ccb3b,-6892134106113245039,/Users/aryanmalla/PycharmProjects/Skin-Care-AI/dataset_sources/extracted/scin_cosmetic_candidates/images/fdcb1db87da153a7175ccb3b.png,scin_review_only,withheld; review pixels independently,scin_case_-6892134106113245039,train,unverified,no single detected face; may be privacy-masked or a close-up; review scope,Review scope first; then all five concerns independently,unannotated_cosmetic_candidate,https://storage.googleapis.com/dx-scin-public-data/dataset/images/-756893997757737190.png,d51ce39cb18fec8e114f4ca65d98fda19f4c23c919691ad811b5d7f6ac72f0ca,fbfffefefefefe3f,-1,-1,-1,-1,-1
scin_ddbf15b3f056d6c24f2a3ae4,-6775873808112170724,/Users/aryanmalla/PycharmProjects/Skin-Care-AI/dataset_sources/extracted/scin_cosmetic_candidates/images/ddbf15b3f056d6c24f2a3ae4.png,scin_review_only,withheld; review pixels independently,scin_case_-6775873808112170724,train,unverified,no single detected face; may be privacy-masked or a close-up; review scope,Review scope first; then all five concerns independently,unannotated_cosmetic_candidate,https://storage.googleapis.com/dx-scin-public-data/dataset/images/-2787900596692547073.png,91be9a6d8c4f5daefb4b4deb10b52a646aad6801c4426c725a502be358870d9b,4427c78889983838,-1,-1,-1,-1,-1
scin_b82bf22ac861078ec4627509,694491321940469915,/Users/aryanmalla/PycharmProjects/Skin-Care-AI/dataset_sources/extracted/scin_cosmetic_candidates/images/b82bf22ac861078ec4627509.png,scin_review_only,withheld; review pixels independently,scin_case_694491321940469915,train,unverified,no single detected face; may be privacy-masked or a close-up; review scope,Review scope first; then all five concerns independently,unannotated_cosmetic_candidate,https://storage.googleapis.com/dx-scin-public-data/dataset/images/-2845381069862359813.png,73cbd7428a6903965ba3c85d079e55fadb2f776766085d73a10a38f2b7e7714b,3cfc78fcf2fbfef8,-1,-1,-1,-1,-1
scin_6a03dd215c6b20640ec42349,6264627799884048451,/Users/aryanmalla/PycharmProjects/Skin-Care-AI/dataset_sources/extracted/scin_cosmetic_candidates/images/6a03dd215c6b20640ec42349.png,scin_review_only,withheld; review pixels independently,scin_case_6264627799884048451,train,unverified,no single detected face; may be privacy-masked or a close-up; review scope,Review scope first; then all five concerns independently,unannotated_cosmetic_candidate,https://storage.googleapis.com/dx-scin-public-data/dataset/images/1594071125846430654.png,d68821a9a797702812d1aec8b184f168a8cffb0c67d12c92b574d52dd5076cc8,402c19379df8746e,-1,-1,-1,-1,-1
scin_138cdab8cb60cac795e067fe,-397368205082120789,/Users/aryanmalla/PycharmProjects/Skin-Care-AI/dataset_sources/extracted/scin_cosmetic_candidates/images/138cdab8cb60cac795e067fe.png,scin_review_only,withheld; review pixels independently,scin_case_-397368205082120789,train,unverified,no single detected face; may be privacy-masked or a close-up; review scope,Review scope first; then all five concerns independently,unannotated_cosmetic_candidate,https://storage.googleapis.com/dx-scin-public-data/dataset/images/-7082030010200940123.png,4e3a1499f890cf24048a5e3bbbee86760f2242dc7b27cc94df1e28f5f541bc9c,bc70722c7cfcd8b8,-1,-1,-1,-1,-1
scin_39a1ccc15a3bb9967ad966d9,8284808520630772239,/Users/aryanmalla/PycharmProjects/Skin-Care-AI/dataset_sources/extracted/scin_cosmetic_candidates/images/39a1ccc15a3bb9967ad966d9.png,scin_review_only,withheld; review pixels independently,scin_case_8284808520630772239,train,unverified,no single detected face; may be privacy-masked or a close-up; review scope,Review scope first; then all five concerns independently,unannotated_cosmetic_candidate,https://storage.googleapis.com/dx-scin-public-data/dataset/images/-341367869625033629.png,e4080562ddf274793e1e718b994d24a910b1da2bb9e4778924898ca05219bf54,e1707cec0c140606,-1,-1,-1,-1,-1
scin_6f29106d51e0f292c9a373e3,-7047662354810167887,/Users/aryanmalla/PycharmProjects/Skin-Care-AI/dataset_sources/extracted/scin_cosmetic_candidates/images/6f29106d51e0f292c9a373e3.png,scin_review_only,withheld; review pixels independently,scin_case_-7047662354810167887,train,unverified,no single detected face; may be privacy-masked or a close-up; review scope,Review scope first; then all five concerns independently,unannotated_cosmetic_candidate,https://storage.googleapis.com/dx-scin-public-data/dataset/images/-1907326534658406967.png,984598149e273fc7db1e0b95c33f816cc6fbf339430882da3da9fbc1a0e3b3ba,ffdeffff3fbe5e0f,-1,-1,-1,-1,-1
scin_979bc2422e983fd90c81c1ce,6415504144508898342,/Users/aryanmalla/PycharmProjects/Skin-Care-AI/dataset_sources/extracted/scin_cosmetic_candidates/images/979bc2422e983fd90c81c1ce.png,scin_review_only,withheld; review pixels independently,scin_case_6415504144508898342,train,unverified,no single detected face; may be privacy-masked or a close-up; review scope,Review scope first; then all five concerns independently,unannotated_cosmetic_candidate,https://storage.googleapis.com/dx-scin-public-data/dataset/images/4353568636350357076.png,a6f4fe477ab67dcee21d8b5321866bc1b1eabab46aa6f6e70ba481869923ddb7,e1b1f8f0981e0f79,-1,-1,-1,-1,-1
scin_403b6a8c9387957dc0d56c78,7148753940245439812,/Users/aryanmalla/PycharmProjects/Skin-Care-AI/dataset_sources/extracted/scin_cosmetic_candidates/images/403b6a8c9387957dc0d56c78.png,scin_review_only,withheld; review pixels independently,scin_case_7148753940245439812,train,unverified,no single detected face; may be privacy-masked or a close-up; review scope,Review scope first; then all five concerns independently,unannotated_cosmetic_candidate,https://storage.googleapis.com/dx-scin-public-data/dataset/images/147867647468939542.png,596651cab3bafca9a551503ebae1cc64abe7d8c50b2c53a64fe9cd6894ba9849,98d87abe86c26031,-1,-1,-1,-1,-1
scin_15aa07f1044503bf74e7b497,8058850286709929094,/Users/aryanmalla/PycharmProjects/Skin-Care-AI/dataset_sources/extracted/scin_cosmetic_candidates/images/15aa07f1044503bf74e7b497.png,scin_review_only,withheld; review pixels independently,scin_case_8058850286709929094,train,unverified,no single detected face; may be privacy-masked or a close-up; review scope,Review scope first; then all five concerns independently,unannotated_cosmetic_candidate,https://storage.googleapis.com/dx-scin-public-data/dataset/images/-8049100538036745495.png,f580129ab43cdeb07b28a2175c413680edbb37ba1851f786815b22cb15af6193,e0cfc7b272e0e0fc,-1,-1,-1,-1,-1
scin_bc6cbbf76aa71f233e58dc53,-689454616923919051,/Users/aryanmalla/PycharmProjects/Skin-Care-AI/dataset_sources/extracted/scin_cosmetic_candidates/images/bc6cbbf76aa71f233e58dc53.png,scin_review_only,withheld; review pixels independently,scin_case_-689454616923919051,train,unverified,no single detected face; may be privacy-masked or a close-up; review scope,Review scope first; then all five concerns independently,unannotated_cosmetic_candidate,https://storage.googleapis.com/dx-scin-public-data/dataset/images/-8671943442708678418.png,0e168e2b98739885fd54b7a4ca94378206ada9276b793dec2e3475298990e6b8,ed6f1f1b3b1f1c0f,-1,-1,-1,-1,-1
scin_28b97842c392dbc52de17cdc,4527849666026023929,/Users/aryanmalla/PycharmProjects/Skin-Care-AI/dataset_sources/extracted/scin_cosmetic_candidates/images/28b97842c392dbc52de17cdc.png,scin_review_only,withheld; review pixels independently,scin_case_4527849666026023929,train,unverified,no single detected face; may be privacy-masked or a close-up; review scope,Review scope first; then all five concerns independently,unannotated_cosmetic_candidate,https://storage.googleapis.com/dx-scin-public-data/dataset/images/-8209694420564816887.png,8067927759c84d1751804b803725e74bf8ef99f710ec8947baf166e38fab19bc,1398f8f0783c1f0f,-1,-1,-1,-1,-1
scin_b0159e7294b16d33858380ea,-5423357172506693425,/Users/aryanmalla/PycharmProjects/Skin-Care-AI/dataset_sources/extracted/scin_cosmetic_candidates/images/b0159e7294b16d33858380ea.png,scin_review_only,withheld; review pixels independently,scin_case_-5423357172506693425,train,unverified,no single detected face; may be privacy-masked or a close-up; review scope,Review scope first; then all five concerns independently,unannotated_cosmetic_candidate,https://storage.googleapis.com/dx-scin-public-data/dataset/images/-461109342342893159.png,859f8880cf4c728706462b00958033ba1f05ed16080f016eaab300f41e8c73e5,91a2074eb3c0cee4,-1,-1,-1,-1,-1
scin_ec10a8c9645837f2738ee0e4,5325534519418168519,/Users/aryanmalla/PycharmProjects/Skin-Care-AI/dataset_sources/extracted/scin_cosmetic_candidates/images/ec10a8c9645837f2738ee0e4.png,scin_review_only,withheld; review pixels independently,scin_case_5325534519418168519,train,unverified,no single detected face; may be privacy-masked or a close-up; review scope,Review scope first; then all five concerns independently,unannotated_cosmetic_candidate,https://storage.googleapis.com/dx-scin-public-data/dataset/images/8790857069022665337.png,bff84c7e3b9b2aa636da3409e0b92ed0149c3cafa97503b1527a2867b64b7071,e1e003090809080c,-1,-1,-1,-1,-1
scin_c2af88d9aeb02a9e607926bf,7335352562710103178,/Users/aryanmalla/PycharmProjects/Skin-Care-AI/dataset_sources/extracted/scin_cosmetic_candidates/images/c2af88d9aeb02a9e607926bf.png,scin_review_only,withheld; review pixels independently,scin_case_7335352562710103178,train,unverified,no single detected face; may be privacy-masked or a close-up; review scope,Review scope first; then all five concerns independently,unannotated_cosmetic_candidate,https://storage.googleapis.com/dx-scin-public-data/dataset/images/2542656689420019332.png,eac193ad5a3aabe47d8620efaf403d77dabfc7872c5dfdb74b757e25a77063cd,030000000000e2f2,-1,-1,-1,-1,-1
scin_b5f7095e49f48715599f6048,-9099005241992076854,/Users/aryanmalla/PycharmProjects/Skin-Care-AI/dataset_sources/extracted/scin_cosmetic_candidates/images/b5f7095e49f48715599f6048.png,scin_review_only,withheld; review pixels independently,scin_case_-9099005241992076854,train,unverified,no single detected face; may be privacy-masked or a close-up; review scope,Review scope first; then all five concerns independently,unannotated_cosmetic_candidate,https://storage.googleapis.com/dx-scin-public-data/dataset/images/-9111307368692396870.png,faacf067a6304edbd568044d81bb19eb25e4ebbf82aaf9307479ba4202040de4,1e0e37f7f3cbc7cf,-1,-1,-1,-1,-1
scin_9a03c7c2b3c4530f72826b15,-6987729819352868714,/Users/aryanmalla/PycharmProjects/Skin-Care-AI/dataset_sources/extracted/scin_cosmetic_candidates/images/9a03c7c2b3c4530f72826b15.png,scin_review_only,withheld; review pixels independently,scin_case_-6987729819352868714,train,unverified,no single detected face; may be privacy-masked or a close-up; review scope,Review scope first; then all five concerns independently,unannotated_cosmetic_candidate,https://storage.googleapis.com/dx-scin-public-data/dataset/images/-1640856241369219598.png,a0bfb2fe06af3c900ed6284af87b4959bcb140d35a636fda65aa3abdeb9563a3,0178c68703432284,-1,-1,-1,-1,-1
scin_91a19cdf00109c4eac3b91b1,-6078364514793033641,/Users/aryanmalla/PycharmProjects/Skin-Care-AI/dataset_sources/extracted/scin_cosmetic_candidates/images/91a19cdf00109c4eac3b91b1.png,scin_review_only,withheld; review pixels independently,scin_case_-6078364514793033641,train,unverified,no single detected face; may be privacy-masked or a close-up; review scope,Review scope first; then all five concerns independently,unannotated_cosmetic_candidate,https://storage.googleapis.com/dx-scin-public-data/dataset/images/-7540755940798481818.png,4b096219ff686908f3c6626dc6c9faf4614d22209d77481734ead86d25ca65b9,00000077fefe7c19,-1,-1,-1,-1,-1
scin_7f5cbca69db1a35fbb01784f,4243910607926677726,/Users/aryanmalla/PycharmProjects/Skin-Care-AI/dataset_sources/extracted/scin_cosmetic_candidates/images/7f5cbca69db1a35fbb01784f.png,scin_review_only,withheld; review pixels independently,scin_case_4243910607926677726,train,unverified,no single detected face; may be privacy-masked or a close-up; review scope,Review scope first; then all five concerns independently,unannotated_cosmetic_candidate,https://storage.googleapis.com/dx-scin-public-data/dataset/images/-3447232648682268167.png,f5e8fc5cab805c541a83f945a06920e6775b2b90b2a8f97b91677b06c519cbb1,e1e0e0e061616161,-1,-1,-1,-1,-1
scin_42e1e7ab967c7e8e04a1048b,8354243147634925138,/Users/aryanmalla/PycharmProjects/Skin-Care-AI/dataset_sources/extracted/scin_cosmetic_candidates/images/42e1e7ab967c7e8e04a1048b.png,scin_review_only,withheld; review pixels independently,scin_case_8354243147634925138,train,unverified,no single detected face; may be privacy-masked or a close-up; review scope,Review scope first; then all five concerns independently,unannotated_cosmetic_candidate,https://storage.googleapis.com/dx-scin-public-data/dataset/images/6957655037802932496.png,867e5ad6176621f51a45b62159a62195d1f53a93b95f06592442974ba5b6133a,7edcfbf77ff7f6ef,-1,-1,-1,-1,-1
scin_4e3fef16cc47a21a35771a41,807122606870915960,/Users/aryanmalla/PycharmProjects/Skin-Care-AI/dataset_sources/extracted/scin_cosmetic_candidates/images/4e3fef16cc47a21a35771a41.png,scin_review_only,withheld; review pixels independently,scin_case_807122606870915960,train,unverified,no single detected face; may be privacy-masked or a close-up; review scope,Review scope first; then all five concerns independently,unannotated_cosmetic_candidate,https://storage.googleapis.com/dx-scin-public-data/dataset/images/2889299717727615428.png,5031ddbe87558b4559ccfec1d3d5f535e8bf3413014227a6753cc4a7525d0690,71c8c0a0101898d8,-1,-1,-1,-1,-1
scin_258039921727b255e53f14e2,-1760420203445162523,/Users/aryanmalla/PycharmProjects/Skin-Care-AI/dataset_sources/extracted/scin_cosmetic_candidates/images/258039921727b255e53f14e2.png,scin_review_only,withheld; review pixels independently,scin_case_-1760420203445162523,train,unverified,no single detected face; may be privacy-masked or a close-up; review scope,Review scope first; then all five concerns independently,unannotated_cosmetic_candidate,https://storage.googleapis.com/dx-scin-public-data/dataset/images/-2336143904314888587.png,00e45efb54ae42723e1b02caacc7e27f6bd41d7622499898b2392b287dce26d7,2a186c647ce95b08,-1,-1,-1,-1,-1
scin_6ed93688c692090d74d47aa0,8514226637880851044,/Users/aryanmalla/PycharmProjects/Skin-Care-AI/dataset_sources/extracted/scin_cosmetic_candidates/images/6ed93688c692090d74d47aa0.png,scin_review_only,withheld; review pixels independently,scin_case_8514226637880851044,train,unverified,no single detected face; may be privacy-masked or a close-up; review scope,Review scope first; then all five concerns independently,unannotated_cosmetic_candidate,https://storage.googleapis.com/dx-scin-public-data/dataset/images/-8351498747234518768.png,961e2a8f7b0441d620cd99a899b9c479c29e1f5b1054b1d532191ce2b271388f,c16060e1f0705c4c,-1,-1,-1,-1,-1
scin_f69afc5c68c7e703a4f67196,339612674991011131,/Users/aryanmalla/PycharmProjects/Skin-Care-AI/dataset_sources/extracted/scin_cosmetic_candidates/images/f69afc5c68c7e703a4f67196.png,scin_review_only,withheld; review pixels independently,scin_case_339612674991011131,train,unverified,no single detected face; may be privacy-masked or a close-up; review scope,Review scope first; then all five concerns independently,unannotated_cosmetic_candidate,https://storage.googleapis.com/dx-scin-public-data/dataset/images/359598268047413532.png,b8783fa5ae67137a65a8a9b538df64ad0eea2c9fef256999007e4cc8af78ba07,e0e1e3f1f8fcfccc,-1,-1,-1,-1,-1
scin_4e27a2db68de002830007053,-52734104912276181,/Users/aryanmalla/PycharmProjects/Skin-Care-AI/dataset_sources/extracted/scin_cosmetic_candidates/images/4e27a2db68de002830007053.png,scin_review_only,withheld; review pixels independently,scin_case_-52734104912276181,train,unverified,no single detected face; may be privacy-masked or a close-up; review scope,Review scope first; then all five concerns independently,unannotated_cosmetic_candidate,https://storage.googleapis.com/dx-scin-public-data/dataset/images/1393668509868771240.png,2dee4b95587dd11153a76eb2a2d560df6332c6ba24c9b236980d4ffebfdf2ee8,b1f56165c3913367,-1,-1,-1,-1,-1
scin_dc19c6d7de98908e1f2300f3,-71846644280357894,/Users/aryanmalla/PycharmProjects/Skin-Care-AI/dataset_sources/extracted/scin_cosmetic_candidates/images/dc19c6d7de98908e1f2300f3.png,scin_review_only,withheld; review pixels independently,scin_case_-71846644280357894,train,unverified,no single detected face; may be privacy-masked or a close-up; review scope,Review scope first; then all five concerns independently,unannotated_cosmetic_candidate,https://storage.googleapis.com/dx-scin-public-data/dataset/images/4774525942551884627.png,63e2eb061bc6289dbd4ba425ada276302d76c83ffba646e630bc0207c63c0c1f,83b159900000f133,-1,-1,-1,-1,-1
scin_ca3dcc8822c4f59d59069436,-141393122114413977,/Users/aryanmalla/PycharmProjects/Skin-Care-AI/dataset_sources/extracted/scin_cosmetic_candidates/images/ca3dcc8822c4f59d59069436.png,scin_review_only,withheld; review pixels independently,scin_case_-141393122114413977,train,unverified,no single detected face; may be privacy-masked or a close-up; review scope,Review scope first; then all five concerns independently,unannotated_cosmetic_candidate,https://storage.googleapis.com/dx-scin-public-data/dataset/images/-2641434887280849554.png,fb89e8af3b18409f1b497c18202785689948630a32675f4f0226858d4722906a,c4803efce0e0b187,-1,-1,-1,-1,-1
scin_0d71aae90553d7e907525b66,-1448009532383550503,/Users/aryanmalla/PycharmProjects/Skin-Care-AI/dataset_sources/extracted/scin_cosmetic_candidates/images/0d71aae90553d7e907525b66.png,scin_review_only,withheld; review pixels independently,scin_case_-1448009532383550503,train,unverified,no single detected face; may be privacy-masked or a close-up; review scope,Review scope first; then all five concerns independently,unannotated_cosmetic_candidate,https://storage.googleapis.com/dx-scin-public-data/dataset/images/-8963936502003531116.png,e49d926c7814a3e3a6f6705eb236c3ee16148403a609163cc0ded9733ca9d5cf,6da5c2f0f8fbffff,-1,-1,-1,-1,-1
scin_b1be618ace13979728aea37e,8882862791433721722,/Users/aryanmalla/PycharmProjects/Skin-Care-AI/dataset_sources/extracted/scin_cosmetic_candidates/images/b1be618ace13979728aea37e.png,scin_review_only,withheld; review pixels independently,scin_case_8882862791433721722,train,unverified,no single detected face; may be privacy-masked or a close-up; review scope,Review scope first; then all five concerns independently,unannotated_cosmetic_candidate,https://storage.googleapis.com/dx-scin-public-data/dataset/images/-4798455247921808934.png,0dbd42c065c73d7daf04a5adcfd5f8fd309977e1d9d267f22926055a559a35d1,de5d1c0c8cc4c090,-1,-1,-1,-1,-1
scin_08c1481a417b74a5a8e32b9b,7463553353557413034,/Users/aryanmalla/PycharmProjects/Skin-Care-AI/dataset_sources/extracted/scin_cosmetic_candidates/images/08c1481a417b74a5a8e32b9b.png,scin_review_only,withheld; review pixels independently,scin_case_7463553353557413034,train,unverified,no single detected face; may be privacy-masked or a close-up; review scope,Review scope first; then all five concerns independently,unannotated_cosmetic_candidate,https://storage.googleapis.com/dx-scin-public-data/dataset/images/7277809407299095249.png,8062d0653bbf589d4b2b938a11344f119fcf0848400d1f32a1cb034bca4db8af,707070f0f0f0cca4,-1,-1,-1,-1,-1
scin_12417950a5d28e25cb93bd15,-2312184597252970115,/Users/aryanmalla/PycharmProjects/Skin-Care-AI/dataset_sources/extracted/scin_cosmetic_candidates/images/12417950a5d28e25cb93bd15.png,scin_review_only,withheld; review pixels independently,scin_case_-2312184597252970115,train,unverified,no single detected face; may be privacy-masked or a close-up; review scope,Review scope first; then all five concerns independently,unannotated_cosmetic_candidate,https://storage.googleapis.com/dx-scin-public-data/dataset/images/7439909465143884125.png,917105c7b286bf726c2972ecc780fcf23e1475c6cc0bb7713f88fb6453426193,78b8d0c0c080e0e8,-1,-1,-1,-1,-1
scin_9914582b0937f7fa719903f0,-1296365891867434583,/Users/aryanmalla/PycharmProjects/Skin-Care-AI/dataset_sources/extracted/scin_cosmetic_candidates/images/9914582b0937f7fa719903f0.png,scin_review_only,withheld; review pixels independently,scin_case_-1296365891867434583,train,unverified,no single detected face; may be privacy-masked or a close-up; review scope,Review scope first; then all five concerns independently,unannotated_cosmetic_candidate,https://storage.googleapis.com/dx-scin-public-data/dataset/images/-3293790432487492756.png,6a29f8621e078c694f82bbce5ec4b4bc4615a2a7d3856d55f254ec93db99c651,7078f0f8f0febcbc,-1,-1,-1,-1,-1
scin_9a95685ffc1bf9a174d5a2b7,3713337097779190437,/Users/aryanmalla/PycharmProjects/Skin-Care-AI/dataset_sources/extracted/scin_cosmetic_candidates/images/9a95685ffc1bf9a174d5a2b7.png,scin_review_only,withheld; review pixels independently,scin_case_3713337097779190437,train,unverified,no single detected face; may be privacy-masked or a close-up; review scope,Review scope first; then all five concerns independently,unannotated_cosmetic_candidate,https://storage.googleapis.com/dx-scin-public-data/dataset/images/8032969161144890228.png,67cc357a15e922698f2a31b84db629dcc57cf30cbbc7933be2fbd1288bb1644f,0f03426263390f07,-1,-1,-1,-1,-1
scin_a2e04653ab62f92929c7ed3a,-9005882062345004980,/Users/aryanmalla/PycharmProjects/Skin-Care-AI/dataset_sources/extracted/scin_cosmetic_candidates/images/a2e04653ab62f92929c7ed3a.png,scin_review_only,withheld; review pixels independently,scin_case_-9005882062345004980,train,unverified,no single detected face; may be privacy-masked or a close-up; review scope,Review scope first; then all five concerns independently,unannotated_cosmetic_candidate,https://storage.googleapis.com/dx-scin-public-data/dataset/images/-2257696006675300248.png,d1ab71ef929d9a5f46815f5c2d2b51d98c21965d987cc783993974155b0cb292,faf8fcfcfe3f3f7f,-1,-1,-1,-1,-1
scin_7fb9033926f31060f14cd44c,-4863956147628945574,/Users/aryanmalla/PycharmProjects/Skin-Care-AI/dataset_sources/extracted/scin_cosmetic_candidates/images/7fb9033926f31060f14cd44c.png,scin_review_only,withheld; review pixels independently,scin_case_-4863956147628945574,train,unverified,no single detected face; may be privacy-masked or a close-up; review scope,Review scope first; then all five concerns independently,unannotated_cosmetic_candidate,https://storage.googleapis.com/dx-scin-public-data/dataset/images/6990569499187007493.png,b02fb5da82d55e934bb8293de3a17357354d7f7fa633db3732eb09affd74134d,393339e56d7d7ced,-1,-1,-1,-1,-1
scin_62ce0a6c75dbc9d717aef7cb,-527175009317631950,/Users/aryanmalla/PycharmProjects/Skin-Care-AI/dataset_sources/extracted/scin_cosmetic_candidates/images/62ce0a6c75dbc9d717aef7cb.png,scin_review_only,withheld; review pixels independently,scin_case_-527175009317631950,train,unverified,no single detected face; may be privacy-masked or a close-up; review scope,Review scope first; then all five concerns independently,unannotated_cosmetic_candidate,https://storage.googleapis.com/dx-scin-public-data/dataset/images/-6319913982977549394.png,56d4071ec4d8193af43afd4282bde635bc05cde4f084fc4acafcd778b1364934,7cf8f8b8b9b1c7c7,-1,-1,-1,-1,-1
scin_c147818a22998b8fd101c077,6920768133327802456,/Users/aryanmalla/PycharmProjects/Skin-Care-AI/dataset_sources/extracted/scin_cosmetic_candidates/images/c147818a22998b8fd101c077.png,scin_review_only,withheld; review pixels independently,scin_case_6920768133327802456,train,unverified,no single detected face; may be privacy-masked or a close-up; review scope,Review scope first; then all five concerns independently,unannotated_cosmetic_candidate,https://storage.googleapis.com/dx-scin-public-data/dataset/images/3209927844777750788.png,65caf856edd00023cb3306135437b76b38c7d6200f3fed934e5d996fa4b9786f,7e5e1f1f0f8e1073,-1,-1,-1,-1,-1
scin_ff5b5f5211678b44c3e5c25f,5041314028913469037,/Users/aryanmalla/PycharmProjects/Skin-Care-AI/dataset_sources/extracted/scin_cosmetic_candidates/images/ff5b5f5211678b44c3e5c25f.png,scin_review_only,withheld; review pixels independently,scin_case_5041314028913469037,train,unverified,no single detected face; may be privacy-masked or a close-up; review scope,Review scope first; then all five concerns independently,unannotated_cosmetic_candidate,https://storage.googleapis.com/dx-scin-public-data/dataset/images/-802455312735907212.png,be19e5e518d4d5f4caa267386240d4b6cb1cafc326a176b32afd53e094a8d6b3,38f8c4e4e1436272,-1,-1,-1,-1,-1
scin_075577c1d09de5481bd097bd,427630699831712570,/Users/aryanmalla/PycharmProjects/Skin-Care-AI/dataset_sources/extracted/scin_cosmetic_candidates/images/075577c1d09de5481bd097bd.png,scin_review_only,withheld; review pixels independently,scin_case_427630699831712570,train,unverified,no single detected face; may be privacy-masked or a close-up; review scope,Review scope first; then all five concerns independently,unannotated_cosmetic_candidate,https://storage.googleapis.com/dx-scin-public-data/dataset/images/1050865211423741975.png,1d5b8bc0479172003fc6bedec90dde7002f738997a47ad7cd2ad6bb58f096a68,e06070f0c1818783,-1,-1,-1,-1,-1
scin_47443a17a2293e7f432da35b,6886983180384047204,/Users/aryanmalla/PycharmProjects/Skin-Care-AI/dataset_sources/extracted/scin_cosmetic_candidates/images/47443a17a2293e7f432da35b.png,scin_review_only,withheld; review pixels independently,scin_case_6886983180384047204,train,unverified,no single detected face; may be privacy-masked or a close-up; review scope,Review scope first; then all five concerns independently,unannotated_cosmetic_candidate,https://storage.googleapis.com/dx-scin-public-data/dataset/images/1098419093876234729.png,2017ba29606097a4d47c3358d70b9baa4e94a409b032c803c997a89bf3bd536f,0ab2b2a2a363414b,-1,-1,-1,-1,-1
scin_4b9c47bef257e59637d4a004,4476018835057138765,/Users/aryanmalla/PycharmProjects/Skin-Care-AI/dataset_sources/extracted/scin_cosmetic_candidates/images/4b9c47bef257e59637d4a004.png,scin_review_only,withheld; review pixels independently,scin_case_4476018835057138765,train,unverified,no single detected face; may be privacy-masked or a close-up; review scope,Review scope first; then all five concerns independently,unannotated_cosmetic_candidate,https://storage.googleapis.com/dx-scin-public-data/dataset/images/-2660034978267101617.png,f88606c16eddab08425bdc174156bd630d14f6bf729af283e8df0ec88b52bdaf,6fdf3dfffffcfc80,-1,-1,-1,-1,-1
scin_cf51a3bc6571f60e5ee5d3b8,-4011997023993452458,/Users/aryanmalla/PycharmProjects/Skin-Care-AI/dataset_sources/extracted/scin_cosmetic_candidates/images/cf51a3bc6571f60e5ee5d3b8.png,scin_review_only,withheld; review pixels independently,scin_case_-4011997023993452458,train,unverified,no single detected face; may be privacy-masked or a close-up; review scope,Review scope first; then all five concerns independently,unannotated_cosmetic_candidate,https://storage.googleapis.com/dx-scin-public-data/dataset/images/-2086730266535517969.png,94148a20d70b1f0e7bc381d4662a1023fb6a6acc7e3c03bf27400ac9aaf77aca,811088e4e0702003,-1,-1,-1,-1,-1
scin_3b2a4fa481fca6ec2a35d412,6771200592302422228,/Users/aryanmalla/PycharmProjects/Skin-Care-AI/dataset_sources/extracted/scin_cosmetic_candidates/images/3b2a4fa481fca6ec2a35d412.png,scin_review_only,withheld; review pixels independently,scin_case_6771200592302422228,train,unverified,no single detected face; may be privacy-masked or a close-up; review scope,Review scope first; then all five concerns independently,unannotated_cosmetic_candidate,https://storage.googleapis.com/dx-scin-public-data/dataset/images/3586347795171594166.png,6ea74ded7b1b88ba7307eed62744395ccb864489d19f4ff063263fdb106327b5,3323868e0f0b379f,-1,-1,-1,-1,-1
scin_5b5dffd0970aaf4f97d22ab5,4463336892130730813,/Users/aryanmalla/PycharmProjects/Skin-Care-AI/dataset_sources/extracted/scin_cosmetic_candidates/images/5b5dffd0970aaf4f97d22ab5.png,scin_review_only,withheld; review pixels independently,scin_case_4463336892130730813,train,unverified,no single detected face; may be privacy-masked or a close-up; review scope,Review scope first; then all five concerns independently,unannotated_cosmetic_candidate,https://storage.googleapis.com/dx-scin-public-data/dataset/images/-309674933450068615.png,e776d6f721f9ce15d5a54e4473b5bbe64c18579840e5c43aaff5d9f0040b9e84,e483f1303c246008,-1,-1,-1,-1,-1
scin_65fb485d3b576e33347aebe9,-8757205584705204122,/Users/aryanmalla/PycharmProjects/Skin-Care-AI/dataset_sources/extracted/scin_cosmetic_candidates/images/65fb485d3b576e33347aebe9.png,scin_review_only,withheld; review pixels independently,scin_case_-8757205584705204122,train,unverified,no single detected face; may be privacy-masked or a close-up; review scope,Review scope first; then all five concerns independently,unannotated_cosmetic_candidate,https://storage.googleapis.com/dx-scin-public-data/dataset/images/-3104103389492110089.png,09d95e333c80149bd5127c3d3f76426410bb9f8aa8019a8ce2eb76a928341203,fdfef6fef2f8f8f9,-1,-1,-1,-1,-1
scin_f638c57306e9c690b2298b68,-1426862160478842898,/Users/aryanmalla/PycharmProjects/Skin-Care-AI/dataset_sources/extracted/scin_cosmetic_candidates/images/f638c57306e9c690b2298b68.png,scin_review_only,withheld; review pixels independently,scin_case_-1426862160478842898,train,unverified,no single detected face; may be privacy-masked or a close-up; review scope,Review scope first; then all five concerns independently,unannotated_cosmetic_candidate,https://storage.googleapis.com/dx-scin-public-data/dataset/images/4716341186591937478.png,59dd530de43b4e54f8f725374ced8260bc1ebd3643b9146bedd63de12098f5b8,16cce4e470301b8f,-1,-1,-1,-1,-1
